notice_id,posted_date,title,membership_contract,child_families,evidence_basis,mentioned_regulations,proposed_change_regulations,direct_organizations,work_keywords,v1_member,v2_delta
96e4a9d4-a3a4-5a92-bd6a-fb9e67df761a,2026-06-24,「투자규정」 등 제·개정 사전예고,topic-membership-v2,CULTURE_CONTENT_PROJECT_INVESTMENT | GUARANTEE_LINKED_INVESTMENT | INVESTMENT_OPTION_GUARANTEE | STARTUP_RAPID_INVESTMENT | VC_FUND_CONTRIBUTION_GUARANTEE,MENTIONS_RULE | PROPOSES_CHANGE_TO | TITLE_DIRECT | WORK_DIRECT,Start-up 신속투자 프로그램 운용기준 | VC펀드 출자금보증 업무처리방법 | 문화콘텐츠 프로젝트투자 프로그램 운용기준 | 투자계약 관리기준 | 투자규정 | 투자기업 사후관리 운용기준 | 투자업무 운용요령 | 투자업무 처리기준 | 투자옵션부보증 운용기준,투자규정,스타트업금융부,투자옵션부보증,true,RETAINED
37183bb7-2e94-562a-bc50-46cebd97d632,2026-06-12,「신용조사 운용기준」 등 개정 사전예고,topic-membership-v2,GUARANTEE_LINKED_INVESTMENT,WORK_DIRECT,,,빅데이터부,보증연계투자,true,RETAINED
33275128-e021-5a5d-90a5-782b3e496e0b,2026-06-02,「보증사업심사위원회 운영요령」 등 제규정 개정 사전예고,topic-membership-v2,MNA_GUARANTEE_RELATED,MENTIONS_RULE,M&A보증 운용기준,,신용보증부,,false,ADDED
53850ef3-2658-5546-88cf-be33de394329,2026-01-06,「투자업무 운용요령」 등 개정 사전예고,topic-membership-v2,CULTURE_CONTENT_PROJECT_INVESTMENT | GUARANTEE_LINKED_INVESTMENT | INVESTMENT_OPTION_GUARANTEE | MNA_GUARANTEE_RELATED,MENTIONS_RULE | PROPOSES_CHANGE_TO | TITLE_DIRECT | WORK_DIRECT,M&A보증 운용기준 | 문화콘텐츠 프로젝트투자 프로그램 운용기준 | 중소·중견기업 M&A 활성화를 위한 협약보증 업무처리방법 | 투자기업 사후관리 운용기준 | 투자업무 운용요령 | 투자업무 처리기준 | 투자옵션부보증 운용기준,투자업무 운용요령,자본시장부,투자옵션부보증,true,RETAINED
40a500cb-dd08-55f3-9f1c-c3197056b77d,2026-01-02,「투자업무 운용요령」 개정 사전예고,topic-membership-v2,GUARANTEE_LINKED_INVESTMENT,MENTIONS_RULE | PROPOSES_CHANGE_TO | TITLE_DIRECT,투자업무 운용요령,투자업무 운용요령,자본시장부,,false,ADDED
e5b5ee27-117f-5412-8381-619c05ad05ec,2025-12-23,「보증운용요령」 등 제규정 개정 사전예고,topic-membership-v2,DOMESTIC_COINVESTMENT_GUARANTEE,MENTIONS_RULE,국내동반 투자자금 보증 업무처리방법,,신용보증부,,false,ADDED
6b731dfd-6368-58e1-acdc-27210e48b688,2025-11-06,「VC펀드 출자금보증 업무처리방법」 개정 사전예고,topic-membership-v2,VC_FUND_CONTRIBUTION_GUARANTEE,MENTIONS_RULE | PROPOSES_CHANGE_TO | TITLE_DIRECT,VC펀드 출자금보증 업무처리방법,VC펀드 출자금보증 업무처리방법,자본시장부,,false,ADDED
eabc5810-e358-5512-9f31-fa33da5ba24a,2025-07-08,「Start-up 신속투자 프로그램 운용기준」 개정 사전예고,topic-membership-v2,STARTUP_RAPID_INVESTMENT,PROPOSES_CHANGE_TO | TITLE_DIRECT,,Start-up 신속투자 프로그램 운용기준,자본시장부,,false,ADDED
200e8324-9a7b-5612-9f9f-ac8447e1520e,2025-07-03,「투자업무 운용요령」 등 개정 사전예고,topic-membership-v2,GUARANTEE_LINKED_INVESTMENT,MENTIONS_RULE | PROPOSES_CHANGE_TO | TITLE_DIRECT,투자계약서 | 투자기업 사후관리 운용기준 | 투자업무 운용요령 | 투자업무 처리기준,투자업무 운용요령,자본시장부,,false,ADDED
df1d8091-3104-5c08-9167-c61b0675f897,2025-06-20,「혁신성장 분야 정책지원 보증프로그램 운용기준」 등 개정 사전예고,topic-membership-v2,DOMESTIC_COINVESTMENT_GUARANTEE,MENTIONS_RULE,국내동반 투자자금 보증 업무처리방법,,신용보증부,,false,ADDED
9fd7b7fc-636b-594a-8b22-f5a7135874d2,2025-04-15,「문화콘텐츠 프로젝트투자 프로그램 운용기준」 제정 사전예고,topic-membership-v2,CULTURE_CONTENT_PROJECT_INVESTMENT,MENTIONS_RULE | PROPOSES_CHANGE_TO | TITLE_DIRECT,문화콘텐츠 프로젝트투자 프로그램 운용기준,문화콘텐츠 프로젝트투자 프로그램 운용기준,자본시장부,,false,ADDED
3a2d0ee8-b786-5853-b49c-08d69713d408,2025-04-01,「M&A보증 운용기준」 등 개정 사전예고,topic-membership-v2,INVESTMENT_OPTION_GUARANTEE | MNA_GUARANTEE_RELATED,MENTIONS_RULE | PROPOSES_CHANGE_TO | TITLE_DIRECT | WORK_DIRECT,M&A보증 운용기준 | 투자옵션부보증 운용기준,M&A보증 운용기준,자본시장부,증자참여권 | 투자옵션부보증,true,RETAINED
15083d05-8c63-5eb9-b263-0dece1ae98cb,2025-01-16,「혁신스타트업 성장지원 프로그램 운용기준」 등 개정(사전예고),topic-membership-v2,INVESTMENT_BRIDGE_GUARANTEE,MENTIONS_RULE,투자브릿지 보증프로그램 운용기준,,4.0창업부,,false,ADDED
6bc0b000-382f-511f-92e8-aa0843b3fbb5,2024-12-31,「M&A보증 운용기준」 개정 사전예고,topic-membership-v2,MNA_GUARANTEE_RELATED,MENTIONS_RULE | PROPOSES_CHANGE_TO | TITLE_DIRECT,M&A보증 운용기준,M&A보증 운용기준,자본시장부,,false,ADDED
5198f861-a582-5a7e-a305-46e9bcd84c28,2024-12-05,「투자기업 사후관리 운용기준」 개정 사전예고,topic-membership-v2,GUARANTEE_LINKED_INVESTMENT,MENTIONS_RULE | PROPOSES_CHANGE_TO | TITLE_DIRECT,투자기업 사후관리 운용기준,투자기업 사후관리 운용기준,자본시장부,,false,ADDED
a8a133ee-6fa7-5b38-84b0-20960f24ce2d,2024-12-05,「투자업무 처리기준」 개정 사전예고,topic-membership-v2,GUARANTEE_LINKED_INVESTMENT,MENTIONS_RULE | PROPOSES_CHANGE_TO | TITLE_DIRECT,투자업무 처리기준,투자업무 처리기준,자본시장부,,false,ADDED
ed2683ba-1715-5314-a82e-ab8dfa2bb86e,2024-12-05,「Start-up 신속투자 프로그램 운용기준」 개정 사전예고,topic-membership-v2,STARTUP_RAPID_INVESTMENT,MENTIONS_RULE | PROPOSES_CHANGE_TO | TITLE_DIRECT,Start-up 신속투자 프로그램 운용기준,Start-up 신속투자 프로그램 운용기준,자본시장부,,false,ADDED
fdbe64c8-3e69-596b-ba30-7590d419038f,2024-12-05,「투자업무 운용요령」 개정 사전예고,topic-membership-v2,GUARANTEE_LINKED_INVESTMENT,MENTIONS_RULE | PROPOSES_CHANGE_TO | TITLE_DIRECT,투자업무 운용요령,투자업무 운용요령,자본시장부,,false,ADDED
f3dbded7-8abe-5542-836e-91ee0f0ae245,2024-11-22,「혁신스타트업 성장지원 프로그램 운용기준」등 계정 사전예고,topic-membership-v2,INVESTMENT_BRIDGE_GUARANTEE,MENTIONS_RULE,투자브릿지 보증프로그램 운용기준,,4.0창업부,,false,ADDED
90e459cc-3f03-5024-8d3a-c06888c859f0,2024-10-30,「VC펀드 출자금보증 업무처리방법」 개정 사전예고,topic-membership-v2,VC_FUND_CONTRIBUTION_GUARANTEE,MENTIONS_RULE | PROPOSES_CHANGE_TO | TITLE_DIRECT,VC펀드 출자금보증 업무처리방법,VC펀드 출자금보증 업무처리방법,자본시장부,,false,ADDED
7527bfdb-5f72-523f-ac10-c4a479bfd298,2024-07-18,「투자기업 사후관리 운용기준」개정 사전예고,topic-membership-v2,GUARANTEE_LINKED_INVESTMENT,MENTIONS_RULE | PROPOSES_CHANGE_TO | TITLE_DIRECT,투자기업 사후관리 운용기준,투자기업 사후관리 운용기준,자본시장부,,false,ADDED
b1365bfc-b059-50f2-abc8-5d65b3c0b4aa,2024-07-15,「국내동반 투자자금 보증 업무처리방법」 개정 사전예고,topic-membership-v2,DOMESTIC_COINVESTMENT_GUARANTEE,PROPOSES_CHANGE_TO | TITLE_DIRECT,,국내동반 투자자금 보증 업무처리방법,,,false,ADDED
447521fd-290f-5bb6-bb2b-0f0fadc48308,2024-05-28,「Start-up 신속투자 프로그램 운용기준」 등 개정 사전예고,topic-membership-v2,GUARANTEE_LINKED_INVESTMENT | STARTUP_RAPID_INVESTMENT,MENTIONS_RULE | PROPOSES_CHANGE_TO | TITLE_DIRECT,투자업무 운용요령 | 투자업무 처리기준,Start-up 신속투자 프로그램 운용기준,자본시장부,,false,ADDED
39ee912a-83b2-5b53-99f3-5c5a06a25570,2024-05-14,「 투자업무 운용요령」 등 개정 사전예고,topic-membership-v2,GUARANTEE_LINKED_INVESTMENT,MENTIONS_RULE | TITLE_DIRECT,투자업무 운용요령 | 투자업무 처리기준,,자본시장부,,false,ADDED
3ba76170-a375-5e53-ae00-0a8cf0025797,2024-02-14,「혁신스타트업 성장지원 프로그램 운용기준」등 개정 사전예고,topic-membership-v2,INVESTMENT_BRIDGE_GUARANTEE,MENTIONS_RULE,투자브릿지 보증프로그램 운용기준,,4.0창업부,,false,ADDED
1b18363d-17b0-547e-95b7-6c41014126cf,2024-02-06,「투자옵션부보증 운용기준」 등 개정 사전예고,topic-membership-v2,INVESTMENT_OPTION_GUARANTEE | MNA_GUARANTEE_RELATED,MENTIONS_RULE | PROPOSES_CHANGE_TO | TITLE_DIRECT | WORK_DIRECT,M&A보증 운용기준 | 투자옵션부보증 운용기준,투자옵션부보증 운용기준,자본시장부,투자옵션부보증,true,RETAINED
feea4a7a-8250-5cae-ab6f-ff649805f5bf,2024-01-16,「Start-up 신속투자 프로그램 운용기준」 제정 사전예고,topic-membership-v2,STARTUP_RAPID_INVESTMENT,PROPOSES_CHANGE_TO | TITLE_DIRECT,,Start-up 신속투자 프로그램 운용기준,자본시장부,,false,ADDED
effaee45-d96e-5e60-83aa-f833aa0bda7a,2023-08-07,「투자옵션부보증 운용기준」 등 개정 사전예고,topic-membership-v2,INVESTMENT_OPTION_GUARANTEE | MNA_GUARANTEE_RELATED,MENTIONS_RULE | PROPOSES_CHANGE_TO | TITLE_DIRECT | WORK_DIRECT,M&A보증 운용기준 | 투자옵션부보증 운용기준,투자옵션부보증 운용기준,자본시장부,투자옵션부보증,true,RETAINED
fab8ca51-e83a-53d5-9df1-5ce8e91ef247,2023-07-28,「투자운용업무요령」 등 개정 사전예고,topic-membership-v2,GUARANTEE_LINKED_INVESTMENT,MENTIONS_RULE | PROPOSES_CHANGE_TO | WORK_DIRECT,투자기업 사후관리 운용기준 | 투자업무 운용요령 | 투자업무 처리기준,투자운용업무요령,자본시장부,보증연계투자,true,RETAINED
8526c7d5-e28d-515b-82c1-349b2409eec0,2022-11-30,투자브릿지 보증프로그램 기준 제정 사전예고,topic-membership-v2,INVESTMENT_BRIDGE_GUARANTEE,PROPOSES_CHANGE_TO | TITLE_DIRECT,,투자브릿지 보증프로그램 기준,4.0창업부,,false,ADDED
0b04a9a8-79a1-5564-abdc-1aee2d238051,2022-09-21,제규정 제개정 사전예고,topic-membership-v2,GUARANTEE_LINKED_INVESTMENT,MENTIONS_RULE,투자기업 사후관리 운용기준 | 투자업무 처리기준,,자본시장부,,false,ADDED
ea6be746-48bb-5bd1-b3a7-6a6c249b376a,2022-04-21,'투자업무 운용요령' 개정,topic-membership-v2,GUARANTEE_LINKED_INVESTMENT,MENTIONS_RULE | TITLE_DIRECT,투자업무 운용요령,,자본시장부,,false,ADDED
c581608f-2385-5729-b18e-9afe327c48bd,2022-04-06,'투자업무 처리기준' 개정 사전예고,topic-membership-v2,GUARANTEE_LINKED_INVESTMENT,MENTIONS_RULE | TITLE_DIRECT,투자업무 처리기준,,자본시장부,,false,ADDED
081e3766-7f92-53a7-99cb-39ec351948b2,2022-03-21,「투자규정」 개정 사전예고,topic-membership-v2,GUARANTEE_LINKED_INVESTMENT,MENTIONS_RULE | PROPOSES_CHANGE_TO | TITLE_DIRECT,투자규정,투자규정,자본시장부,,false,ADDED
0691fcc9-3eb0-5b9d-8968-1924e8a3619c,2021-07-20,"「투자규정」, 「투자업무 운용요령」, 「투자업무 처리기준」 개정 사전예고",topic-membership-v2,GUARANTEE_LINKED_INVESTMENT,MENTIONS_RULE | TITLE_DIRECT | WORK_DIRECT,투자규정,,자본시장부,보증연계투자,true,RETAINED
b3f950b3-8ad9-5c12-9a4c-636f39343404,2021-07-14,「업무방법서」 개정 사전예고,topic-membership-v2,GUARANTEE_LINKED_INVESTMENT,WORK_DIRECT,,,경영기획부,보증연계투자,true,RETAINED
02f31614-f6f9-5ed8-b9e0-adea1aac6199,2021-04-07,「투자옵션부보증 운용기준」및 「M&A보증 운용기준」 개정 사전예고,topic-membership-v2,INVESTMENT_OPTION_GUARANTEE | MNA_GUARANTEE_RELATED,TITLE_DIRECT | WORK_DIRECT,,,자본시장부,투자옵션부보증,true,RETAINED
d1e96a14-de0d-57b9-b444-04f6e7398159,2021-04-07,"「투자업무 운용요령」, 「투자업무 처리기준」,「투자기업 사후관리 운용기준」 개정 사전예고",topic-membership-v2,GUARANTEE_LINKED_INVESTMENT,TITLE_DIRECT,,,자본시장부,,false,ADDED
1c653faf-d1cc-5c68-9fac-926e8c853947,2021-01-07,"「투자업무 운용요령, 투자업무 처리기준」개정 사전예고",topic-membership-v2,GUARANTEE_LINKED_INVESTMENT,TITLE_DIRECT,,,자본시장부,,false,ADDED
e993263a-d72d-548e-bab7-5e00481d7ee3,2020-03-05,「M&A보증 운용기준」 개정 사전예고,topic-membership-v2,MNA_GUARANTEE_RELATED,PROPOSES_CHANGE_TO | TITLE_DIRECT,,M&A보증 운용기준,자본시장부,,false,ADDED
76e7fc3e-9f1c-5da2-8138-b70a1a5dbe2f,2019-12-26,투자업무 운용요령 등 개정 사전예고,topic-membership-v2,GUARANTEE_LINKED_INVESTMENT | INVESTMENT_OPTION_GUARANTEE,TITLE_DIRECT | WORK_DIRECT,,,자본시장부,투자옵션부보증,true,RETAINED
9aa530d5-f758-51af-8f64-7674f73bcc0f,2019-08-21,투자업무 운용요령 등 개정 사전예고,topic-membership-v2,GUARANTEE_LINKED_INVESTMENT,TITLE_DIRECT,,,자본시장부,,false,ADDED
0360267e-3626-5f64-a229-452b0ec667f8,2019-07-25,투자위험분담형보증기준 등 제ㆍ개정 사전예고,topic-membership-v2,INVESTMENT_RISK_SHARING_GUARANTEE,MENTIONS_RULE | TITLE_DIRECT,투자위험분담형보증기준,,,,false,ADDED
fed8ad68-ce31-5e6c-9dd2-c5918fbcacd5,2019-07-22,M&A보증 운용기준 개정 사전예고,topic-membership-v2,MNA_GUARANTEE_RELATED,PROPOSES_CHANGE_TO | TITLE_DIRECT,,M&A보증 운용기준,자본시장부,,false,ADDED
7a126060-6f4c-5d03-b49a-6fe869cc0c55,2019-05-13,혁신아이콘 지원 프로그램 운용기준 제정에 따른 사전예고,topic-membership-v2,GUARANTEE_LINKED_INVESTMENT,WORK_DIRECT,,,4.0창업부,보증연계투자,true,RETAINED
1a38ef7c-3e1c-57d2-8956-04b75a896527,2019-04-02,투자계약서 및 자산관리심의위원회 운영기준 개정에 따른 사전예고,topic-membership-v2,GUARANTEE_LINKED_INVESTMENT,MENTIONS_RULE,투자계약서,,자본시장부,,false,ADDED
af0c1d6d-b5d9-51d2-8291-e1fc7d67a659,2019-03-08,예산관리요령 개정에 따른 사전예고,topic-membership-v2,GUARANTEE_LINKED_INVESTMENT,WORK_DIRECT,,,경영기획부,보증연계투자,true,RETAINED
bf2a3a17-3448-5eb2-bdc8-418a9c4be19b,2019-03-08,투자업무 운용요령 및 투자업무 처리기준 개정 사전예고,topic-membership-v2,GUARANTEE_LINKED_INVESTMENT,TITLE_DIRECT,,,자본시장부,,false,ADDED
19fc2fba-3a3b-5901-ad51-6383458ffcf8,2018-12-21,투자옵션부보증 운영기준 개정 사전예고,topic-membership-v2,INVESTMENT_OPTION_GUARANTEE,PROPOSES_CHANGE_TO | TITLE_DIRECT | WORK_DIRECT,,투자옵션부보증 운영기준,자본시장부,투자옵션부보증,true,RETAINED
016d11e6-966c-5d04-8be1-7d4dbe358084,2018-07-20,M&A보증 운용기준 개정 사전예고,topic-membership-v2,MNA_GUARANTEE_RELATED,PROPOSES_CHANGE_TO | TITLE_DIRECT,,M&A보증 운용기준,자본시장부,,false,ADDED
7f1955f8-7ebc-511f-a3d8-82056f684b93,2018-02-21,투자업무 운용요령 외 2개 기준 개정 사전예고,topic-membership-v2,GUARANTEE_LINKED_INVESTMENT | INVESTMENT_OPTION_GUARANTEE,MENTIONS_RULE | TITLE_DIRECT | WORK_DIRECT,투자업무 운용요령 | 투자업무 처리기준 | 투자옵션부보증 운용기준 | 투자옵션부보증기준,,자본시장부,투자옵션부보증,true,RETAINED
4c3df4f2-0546-5d01-9936-55a82d8b35e7,2017-11-06,M&A보증 운영기준 개정 사전예고,topic-membership-v2,MNA_GUARANTEE_RELATED,PROPOSES_CHANGE_TO | TITLE_DIRECT,,M&A보증 운영기준,자본시장부,,false,ADDED
dab77ecb-5fea-5dca-affb-d37e3bcb6193,2017-08-29,투자옵션부보증 운용기준 개정 사전예고,topic-membership-v2,INVESTMENT_OPTION_GUARANTEE,PROPOSES_CHANGE_TO | TITLE_DIRECT | WORK_DIRECT,,투자옵션부보증 운용기준,자본시장부,투자옵션부보증,true,RETAINED
5651f7d8-64d6-50fb-b0e3-a631f1bd40e9,2017-05-23,투자업무 운용요령 개정 사전예고,topic-membership-v2,GUARANTEE_LINKED_INVESTMENT,PROPOSES_CHANGE_TO | TITLE_DIRECT,,투자업무 운용요령,자본시장부,,false,ADDED
a49e0518-90da-5da4-a01a-b8718ffe9fe8,2017-01-17,투자업무 운용요령 외 4개 규정 개정 사전예고,topic-membership-v2,GUARANTEE_LINKED_INVESTMENT,TITLE_DIRECT,,,자본시장부,,false,ADDED
b26e1d6b-513e-5a98-bded-09558cb6a922,2016-11-28,"투자업무 운용요령, 투자업무 처리기준, 투자계약서 개정 사전예고",topic-membership-v2,GUARANTEE_LINKED_INVESTMENT,MENTIONS_RULE | TITLE_DIRECT,투자계약서,,자본시장부,,false,ADDED
8fb12243-512d-5a33-9eee-1d0ba156c842,2016-09-12,M&A보증 운용기준(가칭) 개정 사전예고,topic-membership-v2,MNA_GUARANTEE_RELATED,TITLE_DIRECT,,,자본시장부,,false,ADDED
34179f21-dcec-56a1-af82-a4272e35cbea,2016-08-16,투자옵션부보증 업무처리방법 개정 사전예고,topic-membership-v2,INVESTMENT_OPTION_GUARANTEE,PROPOSES_CHANGE_TO | TITLE_DIRECT | WORK_DIRECT,,투자옵션부보증 업무처리방법,자본시장부,투자옵션부보증,true,RETAINED
dcdababa-ba77-5b60-990a-3c0835d23983,2016-06-07,"투자규정, 투자업무 운용요령, 투자업무 처리기준 개정 사전예고",topic-membership-v2,GUARANTEE_LINKED_INVESTMENT,MENTIONS_RULE | TITLE_DIRECT,투자규정,,자본시장부,,false,ADDED
a8064a41-cbff-5800-9c8c-63f4baf466a4,2016-01-05,투자옵션부보증 업무처리방법 제정 사전예고,topic-membership-v2,INVESTMENT_OPTION_GUARANTEE,PROPOSES_CHANGE_TO | TITLE_DIRECT | WORK_DIRECT,,투자옵션부보증 업무처리방법,자본시장부,투자옵션부보증,true,RETAINED
5df85254-3281-5bce-9c2d-7d46367ad1b6,2015-12-07,투자업무 처리기준 개정에 따른 규정 개정 사전예고,topic-membership-v2,GUARANTEE_LINKED_INVESTMENT,TITLE_DIRECT,,,신용보험부 | 자본시장부,,false,ADDED
dfece6e2-0be3-5e5a-b1f3-0d0d4a19286b,2014-04-07,투자규정등 제.개정 사전예고,topic-membership-v2,GUARANTEE_LINKED_INVESTMENT,TITLE_DIRECT,,,,,false,ADDED
