measurement_run_id,regulation_id,regulation_code,regulation_name,legacy_status,legacy_reason_code,document_sha256,source_url,http_status,content_type,content_length,download_status,magic_verified,detected_format,extraction_status,parser_name,parser_version,alternate_url_count,same_sha_alternate_url_count,same_post_pdf_available,notice_evidence_status,official_source_evidence_status
ccdee57b-1a7d-4aa9-ace5-a64671ec5e3a,,56954644118be362,3 Up-Down System 운용기준,EXTRACTION_PENDING,EXTRACTION_PENDING,a6546489fb8aa310226ccad7fbd99be72c607a9fe6d756ed9a0e67cfbdc6f7bd,https://www.alio.go.kr/download/rulefiledown.json?fileNo=41691,200,application/haansofthwp;charset=utf-8,28672,DOWNLOADED,UNKNOWN,hwp,ole_error:AttributeError,UNKNOWN,UNKNOWN,0,0,FALSE,UNKNOWN,VERIFIED_EXISTS
ccdee57b-1a7d-4aa9-ace5-a64671ec5e3a,,7311f65785ab2667,CI운용요령,EXTRACTION_PENDING,EXTRACTION_PENDING,e82e78c41f9b4325290327dc36365d346e0e1368201920aaa7756788d8371d6e,https://www.alio.go.kr/download/rulefiledown.json?fileNo=12039,200,application/haansofthwp;charset=utf-8,353792,DOWNLOADED,UNKNOWN,hwp,ole_error:AttributeError,UNKNOWN,UNKNOWN,0,0,FALSE,UNKNOWN,VERIFIED_EXISTS
ccdee57b-1a7d-4aa9-ace5-a64671ec5e3a,,5d741b46e26c56b7,ESG경영 역량에 따른 보증 운용기준,EXTRACTION_PENDING,EXTRACTION_PENDING,90d1e5e251922894a74c4d56904353a05c7987c015178e9ef1fe5f2c8faeb871,https://www.alio.go.kr/download/rulefiledown.json?fileNo=239112,200,application/haansofthwp;charset=utf-8,67072,DOWNLOADED,UNKNOWN,hwp,ole_error:AttributeError,UNKNOWN,UNKNOWN,0,0,FALSE,VERIFIED_EXISTS,VERIFIED_EXISTS
ccdee57b-1a7d-4aa9-ace5-a64671ec5e3a,,a72aafae68284ab5,ESG 기업에 대한 유동화회사보증 운용기준,EXTRACTION_PENDING,EXTRACTION_PENDING,449a832c209a4fef22dee6654b416bef4e104f032660532f14d29ecadde624b1,https://www.alio.go.kr/download/rulefiledown.json?fileNo=176745,200,application/haansofthwp;charset=utf-8,90624,DOWNLOADED,UNKNOWN,hwp,ole_error:AttributeError,UNKNOWN,UNKNOWN,0,0,FALSE,VERIFIED_EXISTS,VERIFIED_EXISTS
ccdee57b-1a7d-4aa9-ace5-a64671ec5e3a,,cb10061cc664dfac,ICT GROWTH 협약보증 운용기준,EXTRACTION_PENDING,EXTRACTION_PENDING,61ce05342e6a2e117cf84e3ac04cbb87d6377a5e7d03f05f7bdd6d22f70a21c5,https://www.alio.go.kr/download/rulefiledown.json?fileNo=230466,200,application/haansofthwp;charset=utf-8,186368,DOWNLOADED,UNKNOWN,hwp,ole_error:AttributeError,UNKNOWN,UNKNOWN,0,0,FALSE,VERIFIED_EXISTS,VERIFIED_EXISTS
ccdee57b-1a7d-4aa9-ace5-a64671ec5e3a,,fa55dc85c4ce2d64,Trust-On 보증 운용기준,EXTRACTION_PENDING,EXTRACTION_PENDING,d95d312be510baebd245e3ee32055f72849fd671999fcdb6ae7a470d95bdfee2,https://www.alio.go.kr/download/rulefiledown.json?fileNo=211173,200,application/haansofthwp;charset=utf-8,148480,DOWNLOADED,UNKNOWN,hwp,ole_error:AttributeError,UNKNOWN,UNKNOWN,0,0,FALSE,VERIFIED_EXISTS,VERIFIED_EXISTS
ccdee57b-1a7d-4aa9-ace5-a64671ec5e3a,,10073207648ca29a,VC펀드 출자금보증 업무처리방법,EXTRACTION_PENDING,EXTRACTION_PENDING,8732d394ccc8362931379f5699ad6b0496b089cf6a9f7057b73403fa4a8d3513,https://www.alio.go.kr/download/rulefiledown.json?fileNo=238901,200,application/haansofthwp;charset=utf-8,147456,DOWNLOADED,UNKNOWN,hwp,ole_error:AttributeError,UNKNOWN,UNKNOWN,0,0,FALSE,VERIFIED_EXISTS,VERIFIED_EXISTS
ccdee57b-1a7d-4aa9-ace5-a64671ec5e3a,,e04361f9b2fd0c88,감사규정,EXTRACTION_PENDING,EXTRACTION_PENDING,df29ac15a3d5fbeefd103e41e9a7e8ff45a0225a587f288135ab5465c36aeb4e,https://www.alio.go.kr/download/rulefiledown.json?fileNo=80538,200,application/haansofthwp;charset=utf-8,24576,DOWNLOADED,UNKNOWN,hwp,ole_error:AttributeError,UNKNOWN,UNKNOWN,0,0,FALSE,VERIFIED_EXISTS,VERIFIED_EXISTS
ccdee57b-1a7d-4aa9-ace5-a64671ec5e3a,,f67a6b18046e794a,개방형 직위 운영기준,EXTRACTION_PENDING,EXTRACTION_PENDING,ffae667b59a59548d0e8783d82c68bf99ccf3927004bbfd05db1455b117d5577,https://www.alio.go.kr/download/rulefiledown.json?fileNo=225121,200,application/haansofthwp;charset=utf-8,80384,DOWNLOADED,UNKNOWN,hwp,ole_error:AttributeError,UNKNOWN,UNKNOWN,0,0,FALSE,VERIFIED_EXISTS,VERIFIED_EXISTS
ccdee57b-1a7d-4aa9-ace5-a64671ec5e3a,,2494eb11db91ffb5,개인금융채권 채무조정규정,EXTRACTION_PENDING,EXTRACTION_PENDING,d97266be49b23be948fc5291d3b25d2fac173fb277c5055b4602ebc02ef0d6e5,https://www.alio.go.kr/download/rulefiledown.json?fileNo=214764,200,application/haansofthwp;charset=utf-8,57344,DOWNLOADED,UNKNOWN,hwp,ole_error:AttributeError,UNKNOWN,UNKNOWN,0,0,FALSE,VERIFIED_EXISTS,VERIFIED_EXISTS
ccdee57b-1a7d-4aa9-ace5-a64671ec5e3a,,a62b52a77a5e92da,개인기여도평가기준,EXTRACTION_PENDING,EXTRACTION_PENDING,52f34b70ed3be66cfb26e367559048bd7a842aed8de71efef497fddd80ed37df,https://www.alio.go.kr/download/rulefiledown.json?fileNo=12165,200,application/haansofthwp;charset=utf-8,19968,DOWNLOADED,UNKNOWN,hwp,ole_error:AttributeError,UNKNOWN,UNKNOWN,0,0,FALSE,UNKNOWN,VERIFIED_EXISTS
ccdee57b-1a7d-4aa9-ace5-a64671ec5e3a,,8cf179ba91022a4b,겸직관리 운영기준,EXTRACTION_PENDING,EXTRACTION_PENDING,4934f723733157fa45c4c147bfee719b5c82eb8fde430f016b84c2883486cc63,https://www.alio.go.kr/download/rulefiledown.json?fileNo=219732,200,application/haansofthwp;charset=utf-8,79872,DOWNLOADED,UNKNOWN,hwp,ole_error:AttributeError,UNKNOWN,UNKNOWN,0,0,FALSE,VERIFIED_EXISTS,VERIFIED_EXISTS
ccdee57b-1a7d-4aa9-ace5-a64671ec5e3a,,933b4c8ee0c43575,경비기준,EXTRACTION_PENDING,EXTRACTION_PENDING,03d0747ea464d4fbc5295049ddf3f9ff80b7a29716cf4be4e374055481264ec0,https://www.alio.go.kr/download/rulefiledown.json?fileNo=225261,200,application/haansofthwp;charset=utf-8,79360,DOWNLOADED,UNKNOWN,hwp,ole_error:AttributeError,UNKNOWN,UNKNOWN,0,0,FALSE,VERIFIED_EXISTS,VERIFIED_EXISTS
ccdee57b-1a7d-4aa9-ace5-a64671ec5e3a,,ea4a7a723bc61539,경영자문요령,EXTRACTION_PENDING,EXTRACTION_PENDING,efa2980fc9c56957eea3228d4fda9e29690b592b829644b58e7c32771ce7c358,https://www.alio.go.kr/download/rulefiledown.json?fileNo=11991,200,application/haansofthwp;charset=utf-8,12800,DOWNLOADED,UNKNOWN,hwp,ole_error:AttributeError,UNKNOWN,UNKNOWN,0,0,FALSE,UNKNOWN,VERIFIED_EXISTS
ccdee57b-1a7d-4aa9-ace5-a64671ec5e3a,,e75ff1896e1f441d,경영지도요령,EXTRACTION_PENDING,EXTRACTION_PENDING,721498fbe34723e1f714a6bdebbffd1fd66731a8b89e9d41b1c12a2fa5465fb5,https://www.alio.go.kr/download/rulefiledown.json?fileNo=182069,200,application/haansofthwp;charset=utf-8,60928,DOWNLOADED,UNKNOWN,hwp,ole_error:AttributeError,UNKNOWN,UNKNOWN,0,0,FALSE,VERIFIED_EXISTS,VERIFIED_EXISTS
ccdee57b-1a7d-4aa9-ace5-a64671ec5e3a,,f5a9608380b9c04c,계약요령,EXTRACTION_PENDING,EXTRACTION_PENDING,e3c533ffd123acffc39116c76f2f70751e2b191019314b53f8000874f508f81a,https://www.alio.go.kr/download/rulefiledown.json?fileNo=208804,200,application/haansofthwp;charset=utf-8,235008,DOWNLOADED,UNKNOWN,hwp,ole_error:AttributeError,UNKNOWN,UNKNOWN,0,0,FALSE,VERIFIED_EXISTS,VERIFIED_EXISTS
ccdee57b-1a7d-4aa9-ace5-a64671ec5e3a,,112bc33f19c7ec41,고용창출기업에 대한 보증프로그램 운용기준,EXTRACTION_PENDING,EXTRACTION_PENDING,a61758c6f6ecaf4e650edfe56380dd679e56ef8758cd91698d29cceef836da02,https://www.alio.go.kr/download/rulefiledown.json?fileNo=239075,200,application/haansofthwp;charset=utf-8,171008,DOWNLOADED,UNKNOWN,hwp,ole_error:AttributeError,UNKNOWN,UNKNOWN,0,0,FALSE,VERIFIED_EXISTS,VERIFIED_EXISTS
ccdee57b-1a7d-4aa9-ace5-a64671ec5e3a,,3309fd33e8289f3b,공공기관 정상화 비상대책위원회 운영 요령,EXTRACTION_PENDING,EXTRACTION_PENDING,3a92cdd444241d9c6afece4683a34cd32e195da615a303839a2be9514061ddb6,https://www.alio.go.kr/download/rulefiledown.json?fileNo=11993,200,application/haansofthwp;charset=utf-8,23040,DOWNLOADED,UNKNOWN,hwp,ole_error:AttributeError,UNKNOWN,UNKNOWN,0,0,FALSE,UNKNOWN,VERIFIED_EXISTS
ccdee57b-1a7d-4aa9-ace5-a64671ec5e3a,,bcdda7319b40692f,공동 프로젝트 보증 업무처리방법,EXTRACTION_PENDING,EXTRACTION_PENDING,44c0befd6fce0bcfdfeb0710063425a0f4a211f63cb00c96f3d4748c321e07f1,https://www.alio.go.kr/download/rulefiledown.json?fileNo=239113,200,application/haansofthwp;charset=utf-8,471552,DOWNLOADED,UNKNOWN,hwp,ole_error:AttributeError,UNKNOWN,UNKNOWN,0,0,FALSE,VERIFIED_EXISTS,VERIFIED_EXISTS
ccdee57b-1a7d-4aa9-ace5-a64671ec5e3a,,a2aba7fde3ea0559,공무국외여행 운영기준,EXTRACTION_PENDING,EXTRACTION_PENDING,beca7fe25a96f13fcc3891efbabac73410a2643b721c5b14cd4c94e3c73b0c02,https://www.alio.go.kr/download/rulefiledown.json?fileNo=229866,200,application/haansofthwp;charset=utf-8,66048,DOWNLOADED,UNKNOWN,hwp,ole_error:AttributeError,UNKNOWN,UNKNOWN,0,0,FALSE,VERIFIED_EXISTS,VERIFIED_EXISTS
ccdee57b-1a7d-4aa9-ace5-a64671ec5e3a,,aef0142d10c04175,공익신고 처리 및 신고자 보호 등에 관한 운영기준,EXTRACTION_PENDING,EXTRACTION_PENDING,df19afd4b6eda4328a6939b5add43ac3abe099d77f0d1d4aed3d3bb375cc9cf6,https://www.alio.go.kr/download/rulefiledown.json?fileNo=159819,200,application/haansofthwp;charset=utf-8,115200,DOWNLOADED,UNKNOWN,hwp,ole_error:AttributeError,UNKNOWN,UNKNOWN,0,0,FALSE,VERIFIED_EXISTS,VERIFIED_EXISTS
ccdee57b-1a7d-4aa9-ace5-a64671ec5e3a,,1550b8260919dbfb,구상권관리규정,EXTRACTION_PENDING,EXTRACTION_PENDING,c9827536270abfd6bf97e18eb173486b3de2faa5e002005096078e11a9cb203e,https://www.alio.go.kr/download/rulefiledown.json?fileNo=204462,200,application/haansofthwp;charset=utf-8,84992,DOWNLOADED,UNKNOWN,hwp,ole_error:AttributeError,UNKNOWN,UNKNOWN,0,0,FALSE,VERIFIED_EXISTS,VERIFIED_EXISTS
ccdee57b-1a7d-4aa9-ace5-a64671ec5e3a,,a89609f41abedc8e,구상채권 상각기준,EXTRACTION_PENDING,EXTRACTION_PENDING,a6221234de384a664fd74e7297442f80742da1a743383adf9a51b874b4f60cce,https://www.alio.go.kr/download/rulefiledown.json?fileNo=178085,200,application/haansofthwp;charset=utf-8,67584,DOWNLOADED,UNKNOWN,hwp,ole_error:AttributeError,UNKNOWN,UNKNOWN,0,0,FALSE,VERIFIED_EXISTS,VERIFIED_EXISTS
ccdee57b-1a7d-4aa9-ace5-a64671ec5e3a,,a340c3643b064c1a,규정관리요령,EXTRACTION_PENDING,EXTRACTION_PENDING,9cd59a7f753179a8fa2d4271ab3ffccb3f207208704a63c986ce915dc76ce5e8,https://www.alio.go.kr/download/rulefiledown.json?fileNo=230315,200,application/haansofthwp;charset=utf-8,99328,DOWNLOADED,UNKNOWN,hwp,ole_error:AttributeError,UNKNOWN,UNKNOWN,0,0,FALSE,VERIFIED_EXISTS,VERIFIED_EXISTS
ccdee57b-1a7d-4aa9-ace5-a64671ec5e3a,,180e9ddf8109b40f,글로벌 지식공유사업 업무처리기준,EXTRACTION_PENDING,EXTRACTION_PENDING,3ac7de66bf02ce1ad7e8cec7d89339f0b1b66dee917c8c23adf990aedec6ae7d,https://www.alio.go.kr/download/rulefiledown.json?fileNo=230717,200,application/haansofthwp;charset=utf-8,86016,DOWNLOADED,UNKNOWN,hwp,ole_error:AttributeError,UNKNOWN,UNKNOWN,0,0,FALSE,UNKNOWN,VERIFIED_EXISTS
ccdee57b-1a7d-4aa9-ace5-a64671ec5e3a,,a83c34141a852926,금융회사 특별출연 및 보증료 지원 등에 관한 협약보증 운용기준,EXTRACTION_PENDING,EXTRACTION_PENDING,a8c96f6f467ca0c3a8614b8f198ded541bd3cab8faf555bbc9e511d4cf8c9faa,https://www.alio.go.kr/download/rulefiledown.json?fileNo=239079,200,application/haansofthwp;charset=utf-8,711680,DOWNLOADED,UNKNOWN,hwp,ole_error:AttributeError,UNKNOWN,UNKNOWN,0,0,FALSE,VERIFIED_EXISTS,VERIFIED_EXISTS
ccdee57b-1a7d-4aa9-ace5-a64671ec5e3a,,8e4d788471e512a2,기록물 관리요령,EXTRACTION_PENDING,EXTRACTION_PENDING,75894864c8f093a5cbcca51eab13ee868a83cfa5ba210090e1374dfa7934a91a,https://www.alio.go.kr/download/rulefiledown.json?fileNo=184852,200,application/haansofthwp;charset=utf-8,59392,DOWNLOADED,UNKNOWN,hwp,ole_error:AttributeError,UNKNOWN,UNKNOWN,0,0,FALSE,VERIFIED_EXISTS,VERIFIED_EXISTS
ccdee57b-1a7d-4aa9-ace5-a64671ec5e3a,,1d76c31cde7f51de,기술성장 지원 프로그램 운용기준,EXTRACTION_PENDING,EXTRACTION_PENDING,9d51cf6061235cf2f3b5e2655aef9fa8ab3b4073a574636340bd141ea8d26f1d,https://www.alio.go.kr/download/rulefiledown.json?fileNo=219956,200,application/haansofthwp;charset=utf-8,327680,DOWNLOADED,UNKNOWN,hwp,ole_error:AttributeError,UNKNOWN,UNKNOWN,0,0,FALSE,VERIFIED_EXISTS,VERIFIED_EXISTS
ccdee57b-1a7d-4aa9-ace5-a64671ec5e3a,,66fe69fae3f76963,기술역량평가시스템 운용기준,EXTRACTION_PENDING,EXTRACTION_PENDING,20d005e22d5464a1770700b798a06b3a2ed15ec6660437022042f2e79dda91e2,https://www.alio.go.kr/download/rulefiledown.json?fileNo=230468,200,application/haansofthwp;charset=utf-8,4531712,DOWNLOADED,UNKNOWN,hwp,ole_error:AttributeError,UNKNOWN,UNKNOWN,0,0,FALSE,VERIFIED_EXISTS,VERIFIED_EXISTS
ccdee57b-1a7d-4aa9-ace5-a64671ec5e3a,,4212b37a250511b1,기술역량평가 운용기준,EXTRACTION_PENDING,EXTRACTION_PENDING,2f46e6c9a47d7546467c8e30ece2359cede39180521d30003bea94596ca15223,https://www.alio.go.kr/download/rulefiledown.json?fileNo=230467,200,application/haansofthwp;charset=utf-8,144384,DOWNLOADED,UNKNOWN,hwp,ole_error:AttributeError,UNKNOWN,UNKNOWN,0,0,FALSE,VERIFIED_EXISTS,VERIFIED_EXISTS
ccdee57b-1a7d-4aa9-ace5-a64671ec5e3a,,1c91f447215112cb,기술평가요령,EXTRACTION_PENDING,EXTRACTION_PENDING,135aa2e4732ac34cb2e9538ac64b788e4bf143c7b8da4b183b5360712fa193f7,https://www.alio.go.kr/download/rulefiledown.json?fileNo=230389,200,application/haansofthwp;charset=utf-8,148992,DOWNLOADED,UNKNOWN,hwp,ole_error:AttributeError,UNKNOWN,UNKNOWN,0,0,FALSE,VERIFIED_EXISTS,VERIFIED_EXISTS
ccdee57b-1a7d-4aa9-ace5-a64671ec5e3a,,c5b9963fdaafc0c1,기술평가 자문인력 운용기준,EXTRACTION_PENDING,EXTRACTION_PENDING,fa13bb752c30456a0cb03f464b03029fe9d414d83470d61371580764280dffd3,https://www.alio.go.kr/download/rulefiledown.json?fileNo=223262,200,application/haansofthwp;charset=utf-8,253952,DOWNLOADED,UNKNOWN,hwp,ole_error:AttributeError,UNKNOWN,UNKNOWN,0,0,FALSE,VERIFIED_EXISTS,VERIFIED_EXISTS
ccdee57b-1a7d-4aa9-ace5-a64671ec5e3a,,1e5f104d689807ce,기업어음 차환발행기업 지원 특별대출보증 업무처리방법,EXTRACTION_PENDING,EXTRACTION_PENDING,03bc5d3e992f2d5ba3550e7c256af1e1b1df58a73ed65108d39fa8827e7f3a95,https://www.alio.go.kr/download/rulefiledown.json?fileNo=239640,200,application/haansofthwp;charset=utf-8,103424,DOWNLOADED,UNKNOWN,hwp,ole_error:AttributeError,UNKNOWN,UNKNOWN,0,0,FALSE,VERIFIED_EXISTS,VERIFIED_EXISTS
ccdee57b-1a7d-4aa9-ace5-a64671ec5e3a,,6080e0ad654508d3,내부통제요령,EXTRACTION_PENDING,EXTRACTION_PENDING,35c13ef6fa0f328da6f3eec1e0f37684c9cfcacb4069bb6e517c700493edb2ce,https://www.alio.go.kr/download/rulefiledown.json?fileNo=227947,200,application/haansofthwp;charset=utf-8,64000,DOWNLOADED,UNKNOWN,hwp,ole_error:AttributeError,UNKNOWN,UNKNOWN,0,0,FALSE,VERIFIED_EXISTS,VERIFIED_EXISTS
ccdee57b-1a7d-4aa9-ace5-a64671ec5e3a,,f65fce632ebf89d0,내부통제 운영기준,EXTRACTION_PENDING,EXTRACTION_PENDING,5150e7307413562211d9de404da2d3571c51b3ffedded14ab690f6eb41831c91,https://www.alio.go.kr/download/rulefiledown.json?fileNo=227946,200,application/haansofthwp;charset=utf-8,67584,DOWNLOADED,UNKNOWN,hwp,ole_error:AttributeError,UNKNOWN,UNKNOWN,0,0,FALSE,VERIFIED_EXISTS,VERIFIED_EXISTS
ccdee57b-1a7d-4aa9-ace5-a64671ec5e3a,,13042c5c7a5d1fd5,녹색 공정전환 보증 업무방법서,EXTRACTION_PENDING,EXTRACTION_PENDING,dcfb7efe781dcbe20e643b2c0fa3cca49a0a9f4dc16755e3a42ae840fdde23b2,https://www.alio.go.kr/download/rulefiledown.json?fileNo=214765,200,application/haansofthwp;charset=utf-8,63488,DOWNLOADED,UNKNOWN,hwp,ole_error:AttributeError,UNKNOWN,UNKNOWN,0,0,FALSE,VERIFIED_EXISTS,VERIFIED_EXISTS
ccdee57b-1a7d-4aa9-ace5-a64671ec5e3a,,7dc3d3ed0163fc56,녹색 공정전환 보증 업무요령,EXTRACTION_PENDING,EXTRACTION_PENDING,dbf649dcdcd345a0a256b7b28f3ea39493549cf3440a5535e873bd491a703dc5,https://www.alio.go.kr/download/rulefiledown.json?fileNo=225272,200,application/haansofthwp;charset=utf-8,69632,DOWNLOADED,UNKNOWN,hwp,ole_error:AttributeError,UNKNOWN,UNKNOWN,0,0,FALSE,VERIFIED_EXISTS,VERIFIED_EXISTS
ccdee57b-1a7d-4aa9-ace5-a64671ec5e3a,,897801034be3d03a,녹색인증 평가 요령,EXTRACTION_PENDING,EXTRACTION_PENDING,6550811ebb35fed134c6b358a1ea0a8c65c3ef63a610cb42ef8cd53ac1090708,https://www.alio.go.kr/download/rulefiledown.json?fileNo=223536,200,application/haansofthwp;charset=utf-8,74240,DOWNLOADED,UNKNOWN,hwp,ole_error:AttributeError,UNKNOWN,UNKNOWN,0,0,FALSE,VERIFIED_EXISTS,VERIFIED_EXISTS
ccdee57b-1a7d-4aa9-ace5-a64671ec5e3a,,728e912ac3dce19c,녹색전환보증계정 운영요령,EXTRACTION_PENDING,EXTRACTION_PENDING,65e8632cc85d98ba3aee4a8ebf7469b5296d0bc0e08756fbacd7d4515aa59caa,https://www.alio.go.kr/download/rulefiledown.json?fileNo=215906,200,application/haansofthwp;charset=utf-8,67072,DOWNLOADED,UNKNOWN,hwp,ole_error:AttributeError,UNKNOWN,UNKNOWN,0,0,FALSE,UNKNOWN,VERIFIED_EXISTS
ccdee57b-1a7d-4aa9-ace5-a64671ec5e3a,,57c60687d60c9374,데이터 가치평가 운용요령,EXTRACTION_PENDING,EXTRACTION_PENDING,5aacf4967caf5d7180b066f801821aa4bc561028f4ec04315dbfb54f42086fc9,https://www.alio.go.kr/download/rulefiledown.json?fileNo=171232,200,application/haansofthwp;charset=utf-8,122368,DOWNLOADED,UNKNOWN,hwp,ole_error:AttributeError,UNKNOWN,UNKNOWN,0,0,FALSE,VERIFIED_EXISTS,VERIFIED_EXISTS
ccdee57b-1a7d-4aa9-ace5-a64671ec5e3a,,6966f4e21b7a759b,동산담보대출 연계 특례보증 업무처리방법,EXTRACTION_PENDING,EXTRACTION_PENDING,6bddf6c6e3782e12e760bf4aae629b23144d0fef5d080804f052381e30d37c53,https://www.alio.go.kr/download/rulefiledown.json?fileNo=186232,200,application/haansofthwp;charset=utf-8,424960,DOWNLOADED,UNKNOWN,hwp,ole_error:AttributeError,UNKNOWN,UNKNOWN,0,0,FALSE,UNKNOWN,VERIFIED_EXISTS
ccdee57b-1a7d-4aa9-ace5-a64671ec5e3a,,3703ac97ef13c2f4,리스크관리요령,EXTRACTION_PENDING,EXTRACTION_PENDING,20c2fad804bc5a7a0521fa8e31d08dc49a5899bb3d4853dc02f1620621c589f0,https://www.alio.go.kr/download/rulefiledown.json?fileNo=220870,200,application/haansofthwp;charset=utf-8,61952,DOWNLOADED,UNKNOWN,hwp,ole_error:AttributeError,UNKNOWN,UNKNOWN,0,0,FALSE,VERIFIED_EXISTS,VERIFIED_EXISTS
ccdee57b-1a7d-4aa9-ace5-a64671ec5e3a,,dd08cb9245744689,매출채권보험의 모집업무 위탁 운용기준,EXTRACTION_PENDING,EXTRACTION_PENDING,257617ef4c5421b9255e8b2c832c89a74bdb19f10f464a0d14daa115d95aeee6,https://www.alio.go.kr/download/rulefiledown.json?fileNo=155363,200,application/haansofthwp;charset=utf-8,57856,DOWNLOADED,UNKNOWN,hwp,ole_error:AttributeError,UNKNOWN,UNKNOWN,0,0,FALSE,VERIFIED_EXISTS,VERIFIED_EXISTS
ccdee57b-1a7d-4aa9-ace5-a64671ec5e3a,,f61c31d1761e76e5,"면책기준(대출보증, 제2금융보증용)",EXTRACTION_PENDING,EXTRACTION_PENDING,7381179532fcd7df1b399c1440d3a577a142cca7b60e536365a682eb42c52469,https://www.alio.go.kr/download/rulefiledown.json?fileNo=22908,200,application/haansofthwp;charset=utf-8,38400,DOWNLOADED,UNKNOWN,hwp,ole_error:AttributeError,UNKNOWN,UNKNOWN,0,0,FALSE,UNKNOWN,VERIFIED_EXISTS
ccdee57b-1a7d-4aa9-ace5-a64671ec5e3a,,6d5f1c3f92da5f0a,"면책기준(전자상거래대출보증, 전자상거래제2금융보증용)",EXTRACTION_PENDING,EXTRACTION_PENDING,8d79e527958328318c4645b1c7c4ecd391890ea2fc7999527c5e548dafdd6193,https://www.alio.go.kr/download/rulefiledown.json?fileNo=26893,200,application/haansofthwp;charset=utf-8,38400,DOWNLOADED,UNKNOWN,hwp,ole_error:AttributeError,UNKNOWN,UNKNOWN,0,0,FALSE,UNKNOWN,VERIFIED_EXISTS
ccdee57b-1a7d-4aa9-ace5-a64671ec5e3a,,a7512d91852ed9b2,면책기준(지급보증의보증용),EXTRACTION_PENDING,EXTRACTION_PENDING,09bc8267852f02f43a41c5878ca016e900ed99d771c6e706259920cc5bfc79a3,https://www.alio.go.kr/download/rulefiledown.json?fileNo=23186,200,application/haansofthwp;charset=utf-8,26112,DOWNLOADED,UNKNOWN,hwp,ole_error:AttributeError,UNKNOWN,UNKNOWN,0,0,FALSE,UNKNOWN,VERIFIED_EXISTS
ccdee57b-1a7d-4aa9-ace5-a64671ec5e3a,,8a698bdbe6c6fb8d,무탄소에너지보증계정 운영요령,EXTRACTION_PENDING,EXTRACTION_PENDING,45a43fe7d74bf77c04dd5bf9a48a5b554a32d3287e86405d7c1f03673866b1da,https://www.alio.go.kr/download/rulefiledown.json?fileNo=215903,200,application/haansofthwp;charset=utf-8,71680,DOWNLOADED,UNKNOWN,hwp,ole_error:AttributeError,UNKNOWN,UNKNOWN,0,0,FALSE,UNKNOWN,VERIFIED_EXISTS
ccdee57b-1a7d-4aa9-ace5-a64671ec5e3a,,35a5d423c369c531,무탄소에너지보증 업무방법서,EXTRACTION_PENDING,EXTRACTION_PENDING,027085775381f0013c95c99ed4412b4e7a4f44eae704e3c7b8a1fd921e8ea260,https://www.alio.go.kr/download/rulefiledown.json?fileNo=214766,200,application/haansofthwp;charset=utf-8,70144,DOWNLOADED,UNKNOWN,hwp,ole_error:AttributeError,UNKNOWN,UNKNOWN,0,0,FALSE,UNKNOWN,VERIFIED_EXISTS
ccdee57b-1a7d-4aa9-ace5-a64671ec5e3a,,c10491a6cb22b614,무탄소에너지보증 업무요령,EXTRACTION_PENDING,EXTRACTION_PENDING,83408b09e950bb46e4fcfd4880460d69bd97abb9369e0cd0ddf7745ce3cad9f6,https://www.alio.go.kr/download/rulefiledown.json?fileNo=225250,200,application/haansofthwp;charset=utf-8,70144,DOWNLOADED,UNKNOWN,hwp,ole_error:AttributeError,UNKNOWN,UNKNOWN,0,0,FALSE,VERIFIED_EXISTS,VERIFIED_EXISTS
ccdee57b-1a7d-4aa9-ace5-a64671ec5e3a,,748067b9e3a6bb9a,문화산업보증계정 운영기준,EXTRACTION_PENDING,EXTRACTION_PENDING,e9841bc61db3fb42a286e88b6eb1ec4c6e9f5227a93d6e9edd713932bba7e9bb,https://www.alio.go.kr/download/rulefiledown.json?fileNo=237943,200,application/haansofthwp;charset=utf-8,148992,DOWNLOADED,UNKNOWN,hwp,ole_error:AttributeError,UNKNOWN,UNKNOWN,0,0,FALSE,VERIFIED_EXISTS,VERIFIED_EXISTS
ccdee57b-1a7d-4aa9-ace5-a64671ec5e3a,,98216d9f00df283e,문화산업보증 업무요령,EXTRACTION_PENDING,EXTRACTION_PENDING,710c4cceda54a321aeabc5b0d36ccd972b59f55928940c7a139f7102181de68d,https://www.alio.go.kr/download/rulefiledown.json?fileNo=235815,200,application/haansofthwp;charset=utf-8,135680,DOWNLOADED,UNKNOWN,hwp,ole_error:AttributeError,UNKNOWN,UNKNOWN,0,0,FALSE,VERIFIED_EXISTS,VERIFIED_EXISTS
ccdee57b-1a7d-4aa9-ace5-a64671ec5e3a,,1310b99c022cc337,문화산업완성보증계정 운영요령,EXTRACTION_PENDING,EXTRACTION_PENDING,b8f5788c16c76bad61ce835da58f576b0bbb1836d258bae756d9574e30609ecc,https://www.alio.go.kr/download/rulefiledown.json?fileNo=215709,200,application/haansofthwp;charset=utf-8,65024,DOWNLOADED,UNKNOWN,hwp,ole_error:AttributeError,UNKNOWN,UNKNOWN,0,0,FALSE,VERIFIED_EXISTS,VERIFIED_EXISTS
ccdee57b-1a7d-4aa9-ace5-a64671ec5e3a,,0b2d33b4c927be01,문화산업완성보증 업무방법서,EXTRACTION_PENDING,EXTRACTION_PENDING,115bcc253768b1c5a31ec9df07fbcb0f6fb2835f65cd23f1bca586a4fa3d0be5,https://www.alio.go.kr/download/rulefiledown.json?fileNo=212925,200,application/haansofthwp;charset=utf-8,72192,DOWNLOADED,UNKNOWN,hwp,ole_error:AttributeError,UNKNOWN,UNKNOWN,0,0,FALSE,VERIFIED_EXISTS,VERIFIED_EXISTS
ccdee57b-1a7d-4aa9-ace5-a64671ec5e3a,,25dbddb54681aa0a,민간선투자 대출보증약관 면책기준,EXTRACTION_PENDING,EXTRACTION_PENDING,2f04dc90e9ef8bb967dc3dcc77280471e7b097253716b3501e3e16b6416b8b9b,https://www.alio.go.kr/download/rulefiledown.json?fileNo=229458,200,application/haansofthwp;charset=utf-8,80896,DOWNLOADED,UNKNOWN,hwp,ole_error:AttributeError,UNKNOWN,UNKNOWN,0,0,FALSE,VERIFIED_EXISTS,VERIFIED_EXISTS
ccdee57b-1a7d-4aa9-ace5-a64671ec5e3a,,c1dbe4ee8b24112e,밸류업 프로그램 운용기준,EXTRACTION_PENDING,EXTRACTION_PENDING,8a3cca611b021e8bd970e8ed095da6594e02e256bb7a7b10ddf2264c2fa43600,https://www.alio.go.kr/download/rulefiledown.json?fileNo=227958,200,application/haansofthwp;charset=utf-8,279040,DOWNLOADED,UNKNOWN,hwp,ole_error:AttributeError,UNKNOWN,UNKNOWN,0,0,FALSE,VERIFIED_EXISTS,VERIFIED_EXISTS
ccdee57b-1a7d-4aa9-ace5-a64671ec5e3a,,dbb4a3bbab6b61fd,벤처확인 전문 평가 요령,EXTRACTION_PENDING,EXTRACTION_PENDING,3d2e970d1435df5fcd329051c6be3070b664e7d2d6123d1554c6c126d6b2ad71,https://www.alio.go.kr/download/rulefiledown.json?fileNo=126463,200,application/haansofthwp;charset=utf-8,13824,DOWNLOADED,UNKNOWN,hwp,ole_error:AttributeError,UNKNOWN,UNKNOWN,0,0,FALSE,VERIFIED_EXISTS,VERIFIED_EXISTS
ccdee57b-1a7d-4aa9-ace5-a64671ec5e3a,,e457dd6a382a2e1e,보수규정,EXTRACTION_PENDING,EXTRACTION_PENDING,79e0b5ccddd3a4054267a8c894ce212e60237ef32136d4e3bd62b6f3bf785a84,https://www.alio.go.kr/download/rulefiledown.json?fileNo=232146,200,application/haansofthwp;charset=utf-8,79872,DOWNLOADED,UNKNOWN,hwp,ole_error:AttributeError,UNKNOWN,UNKNOWN,0,0,FALSE,VERIFIED_EXISTS,VERIFIED_EXISTS
ccdee57b-1a7d-4aa9-ace5-a64671ec5e3a,,d8e5ad9d4233dedb,보수규정 운영기준,EXTRACTION_PENDING,EXTRACTION_PENDING,b4318c3e50cd9111e4afff421f1f5e389e9b20ff228047d1b3c34261b4cd6606,https://www.alio.go.kr/download/rulefiledown.json?fileNo=227916,200,application/haansofthwp;charset=utf-8,122368,DOWNLOADED,UNKNOWN,hwp,ole_error:AttributeError,UNKNOWN,UNKNOWN,0,0,FALSE,VERIFIED_EXISTS,VERIFIED_EXISTS
ccdee57b-1a7d-4aa9-ace5-a64671ec5e3a,,ccc0b85f4e42c6b1,보안업무요령,EXTRACTION_PENDING,EXTRACTION_PENDING,16fe583080d32ad6a4356d7f29150965eb978a0968a7b8f18ecd4fd2072469b3,https://www.alio.go.kr/download/rulefiledown.json?fileNo=235307,200,application/haansofthwp;charset=utf-8,269824,DOWNLOADED,UNKNOWN,hwp,ole_error:AttributeError,UNKNOWN,UNKNOWN,0,0,FALSE,VERIFIED_EXISTS,VERIFIED_EXISTS
ccdee57b-1a7d-4aa9-ace5-a64671ec5e3a,,e9e6b002335b56ce,보증료 등 운용기준,EXTRACTION_PENDING,EXTRACTION_PENDING,285da00fee244aeb7b763613d569a622a45670111eeffab5823be228da5ac441,https://www.alio.go.kr/download/rulefiledown.json?fileNo=239081,200,application/haansofthwp;charset=utf-8,243712,DOWNLOADED,UNKNOWN,hwp,ole_error:AttributeError,UNKNOWN,UNKNOWN,0,0,FALSE,VERIFIED_EXISTS,VERIFIED_EXISTS
ccdee57b-1a7d-4aa9-ace5-a64671ec5e3a,,e1a3d9ec2f62b092,보증사업심사위원회 운영요령,EXTRACTION_PENDING,EXTRACTION_PENDING,d67734f3e63678cc4ed54a25da4675ce732b2374154f92286f8fdc1b2f6fbe63,https://www.alio.go.kr/download/rulefiledown.json?fileNo=238880,200,application/haansofthwp;charset=utf-8,84992,DOWNLOADED,UNKNOWN,hwp,ole_error:AttributeError,UNKNOWN,UNKNOWN,0,0,FALSE,VERIFIED_EXISTS,VERIFIED_EXISTS
ccdee57b-1a7d-4aa9-ace5-a64671ec5e3a,,522b0e37c141f43f,보증상품요령,EXTRACTION_PENDING,EXTRACTION_PENDING,b54ac213825ad02532712bd248ca5c998f4a8ab9914f1bcdf875295d9da85ce6,https://www.alio.go.kr/download/rulefiledown.json?fileNo=238879,200,application/haansofthwp;charset=utf-8,114688,DOWNLOADED,UNKNOWN,hwp,ole_error:AttributeError,UNKNOWN,UNKNOWN,0,0,FALSE,VERIFIED_EXISTS,VERIFIED_EXISTS
ccdee57b-1a7d-4aa9-ace5-a64671ec5e3a,,422eaa514d6d5d06,보증운용요령,EXTRACTION_PENDING,EXTRACTION_PENDING,2d02a0fb947187f12ae6ea60be054c11a17eab9a6999e54a593b2dfefd65c3a2,https://www.alio.go.kr/download/rulefiledown.json?fileNo=238878,200,application/haansofthwp;charset=utf-8,125952,DOWNLOADED,UNKNOWN,hwp,ole_error:AttributeError,UNKNOWN,UNKNOWN,0,0,FALSE,VERIFIED_EXISTS,VERIFIED_EXISTS
ccdee57b-1a7d-4aa9-ace5-a64671ec5e3a,,2b56c5f4fd23ab03,보증채무이행 요령,EXTRACTION_PENDING,EXTRACTION_PENDING,3167185f5a4bf7e17acc3e02ad9b93d9ae995f9c0e2ab707ce5376f28b4f5525,https://www.alio.go.kr/download/rulefiledown.json?fileNo=227959,200,application/haansofthwp;charset=utf-8,87552,DOWNLOADED,UNKNOWN,hwp,ole_error:AttributeError,UNKNOWN,UNKNOWN,0,0,FALSE,VERIFIED_EXISTS,VERIFIED_EXISTS
ccdee57b-1a7d-4aa9-ace5-a64671ec5e3a,,3ca5945bf4de9bb1,보험업무요령,EXTRACTION_PENDING,EXTRACTION_PENDING,5d1bdcfcd23d42a506b426a4a4987f6d610b21f828f444980f1a7bae7ef41566,https://www.alio.go.kr/download/rulefiledown.json?fileNo=227948,200,application/haansofthwp;charset=utf-8,91136,DOWNLOADED,UNKNOWN,hwp,ole_error:AttributeError,UNKNOWN,UNKNOWN,0,0,FALSE,VERIFIED_EXISTS,VERIFIED_EXISTS
ccdee57b-1a7d-4aa9-ace5-a64671ec5e3a,,de7e67ef14e89c4b,복지규정,EXTRACTION_PENDING,EXTRACTION_PENDING,2271f3f94510c13bc44ca052cdce7b4f3b76064715527608db2923d5d6472ae8,https://www.alio.go.kr/download/rulefiledown.json?fileNo=223263,200,application/haansofthwp;charset=utf-8,69632,DOWNLOADED,UNKNOWN,hwp,ole_error:AttributeError,UNKNOWN,UNKNOWN,0,0,FALSE,VERIFIED_EXISTS,VERIFIED_EXISTS
ccdee57b-1a7d-4aa9-ace5-a64671ec5e3a,,f0cf9d81b6e0ee8f,복지규정 운영기준,EXTRACTION_PENDING,EXTRACTION_PENDING,145542101b1fb6518d0537f48d0263d60608ee75d0dcc6ed332d1fe380f12fae,https://www.alio.go.kr/download/rulefiledown.json?fileNo=238664,200,application/haansofthwp;charset=utf-8,188928,DOWNLOADED,UNKNOWN,hwp,ole_error:AttributeError,UNKNOWN,UNKNOWN,0,0,FALSE,VERIFIED_EXISTS,VERIFIED_EXISTS
ccdee57b-1a7d-4aa9-ace5-a64671ec5e3a,,45cdfc0d6c96dcb8,부정청탁 및 금품등 수수의 신고사무 처리기준,EXTRACTION_PENDING,EXTRACTION_PENDING,7d99a805545d2c679674a03ec493805bb9ed9d0fc08e24a373ac0235139971cb,https://www.alio.go.kr/download/rulefiledown.json?fileNo=12172,200,application/haansofthwp;charset=utf-8,47616,DOWNLOADED,UNKNOWN,hwp,ole_error:AttributeError,UNKNOWN,UNKNOWN,0,0,FALSE,VERIFIED_EXISTS,VERIFIED_EXISTS
ccdee57b-1a7d-4aa9-ace5-a64671ec5e3a,,6a0eb35e52a65c35,부패신고 처리 및 신고자 보호 등에 관한 운영기준,EXTRACTION_PENDING,EXTRACTION_PENDING,adbe89c42f642980564515af7d2fe67a5b96ca3d79f15e52eb1840a9fb9b5be9,https://www.alio.go.kr/download/rulefiledown.json?fileNo=159820,200,application/haansofthwp;charset=utf-8,105472,DOWNLOADED,UNKNOWN,hwp,ole_error:AttributeError,UNKNOWN,UNKNOWN,0,0,FALSE,VERIFIED_EXISTS,VERIFIED_EXISTS
ccdee57b-1a7d-4aa9-ace5-a64671ec5e3a,,58d9fb36fb93187a,비상임이사 운영규정,EXTRACTION_PENDING,EXTRACTION_PENDING,06a3d20136a8bd947e041802185414b6025f2be3ed17c4aaf0eab16c40d26d38,https://www.alio.go.kr/download/rulefiledown.json?fileNo=171842,200,application/haansofthwp;charset=utf-8,52736,DOWNLOADED,UNKNOWN,hwp,ole_error:AttributeError,UNKNOWN,UNKNOWN,0,0,FALSE,VERIFIED_EXISTS,VERIFIED_EXISTS
ccdee57b-1a7d-4aa9-ace5-a64671ec5e3a,,ee05eb26546b51c3,비정규직 활용 사전심사제 운영기준,EXTRACTION_PENDING,EXTRACTION_PENDING,e73d10ab59f5592fffdad5fcd2a0de97b83ed8e1bf35bb067690ba21caae2298,https://www.alio.go.kr/download/rulefiledown.json?fileNo=97848,200,application/haansofthwp;charset=utf-8,24064,DOWNLOADED,UNKNOWN,hwp,ole_error:AttributeError,UNKNOWN,UNKNOWN,0,0,FALSE,VERIFIED_EXISTS,VERIFIED_EXISTS
ccdee57b-1a7d-4aa9-ace5-a64671ec5e3a,,bb9a9e19892c144a,빌드업 프로그램 운용기준,EXTRACTION_PENDING,EXTRACTION_PENDING,9bfa36b2fae105be21ce36e1e051e1780af3f0925d5c898da7b30ff236752938,https://www.alio.go.kr/download/rulefiledown.json?fileNo=227961,200,application/haansofthwp;charset=utf-8,266752,DOWNLOADED,UNKNOWN,hwp,ole_error:AttributeError,UNKNOWN,UNKNOWN,0,0,FALSE,VERIFIED_EXISTS,VERIFIED_EXISTS
ccdee57b-1a7d-4aa9-ace5-a64671ec5e3a,,16e8a80457026942,사회적경제기업에 대한 유동화보증 업무처리방법,EXTRACTION_PENDING,EXTRACTION_PENDING,c2ac478b981053b05f3939fddcc5d5e1b103f255a425bb577e38c60a6f62cb4b,https://www.alio.go.kr/download/rulefiledown.json?fileNo=239641,200,application/haansofthwp;charset=utf-8,244736,DOWNLOADED,UNKNOWN,hwp,ole_error:AttributeError,UNKNOWN,UNKNOWN,0,0,FALSE,VERIFIED_EXISTS,VERIFIED_EXISTS
ccdee57b-1a7d-4aa9-ace5-a64671ec5e3a,,1ba5997b4aaafead,산업기반 대출보증약관 면책기준,EXTRACTION_PENDING,EXTRACTION_PENDING,414558ee285f39acb2a470a80413cb06f53f10fcb66ce357cde6afe392842fcf,https://www.alio.go.kr/download/rulefiledown.json?fileNo=219994,200,application/haansofthwp;charset=utf-8,72704,DOWNLOADED,UNKNOWN,hwp,ole_error:AttributeError,UNKNOWN,UNKNOWN,0,0,FALSE,VERIFIED_EXISTS,VERIFIED_EXISTS
ccdee57b-1a7d-4aa9-ace5-a64671ec5e3a,,a8848d4555a6fafe,산업기반신용보증 관리업무요령,EXTRACTION_PENDING,EXTRACTION_PENDING,8a4c0d8d4b2f47577b2238c7042c762a23295bf2fb0fc648db17d449e8841a89,https://www.alio.go.kr/download/rulefiledown.json?fileNo=218880,200,application/haansofthwp;charset=utf-8,92160,DOWNLOADED,UNKNOWN,hwp,ole_error:AttributeError,UNKNOWN,UNKNOWN,0,0,FALSE,VERIFIED_EXISTS,VERIFIED_EXISTS
ccdee57b-1a7d-4aa9-ace5-a64671ec5e3a,,c4f503a29614ab1d,산업기반신용보증기금 업무처리규정,EXTRACTION_PENDING,EXTRACTION_PENDING,7cd294a638292c00b12ebcf303038ef9053cfd9290b1a39f16367512d3880860,https://www.alio.go.kr/download/rulefiledown.json?fileNo=229460,200,application/haansofthwp;charset=utf-8,76288,DOWNLOADED,UNKNOWN,hwp,ole_error:AttributeError,UNKNOWN,UNKNOWN,0,0,FALSE,VERIFIED_EXISTS,VERIFIED_EXISTS
ccdee57b-1a7d-4aa9-ace5-a64671ec5e3a,,0cbc8f3dd12135a7,산업기반신용보증기금 운영요령,EXTRACTION_PENDING,EXTRACTION_PENDING,30c20ccccb3654e718f499de9fb6c052624b995948495cb6a8b7a008716487b4,https://www.alio.go.kr/download/rulefiledown.json?fileNo=233990,200,application/haansofthwp;charset=utf-8,99328,DOWNLOADED,UNKNOWN,hwp,ole_error:AttributeError,UNKNOWN,UNKNOWN,0,0,FALSE,VERIFIED_EXISTS,VERIFIED_EXISTS
ccdee57b-1a7d-4aa9-ace5-a64671ec5e3a,,6286620f982c31d8,상임임원 복무 등에 관한 요령,EXTRACTION_PENDING,EXTRACTION_PENDING,a4fcca76d063c24ca5f11febeefa4c419c846d0e25d0fcd19d4de39f28e3dfe5,https://www.alio.go.kr/download/rulefiledown.json?fileNo=199125,200,application/haansofthwp;charset=utf-8,58368,DOWNLOADED,UNKNOWN,hwp,ole_error:AttributeError,UNKNOWN,UNKNOWN,0,0,FALSE,VERIFIED_EXISTS,VERIFIED_EXISTS
ccdee57b-1a7d-4aa9-ace5-a64671ec5e3a,,2033b12a7b78682f,새출발기금 지원기업에 대한 보증 업무처리방법,EXTRACTION_PENDING,EXTRACTION_PENDING,320b75823abc43b6d0113169def042c20197b7387b460f27ac8da66f5e2f0c0c,https://www.alio.go.kr/download/rulefiledown.json?fileNo=211344,200,application/haansofthwp;charset=utf-8,140288,DOWNLOADED,UNKNOWN,hwp,ole_error:AttributeError,UNKNOWN,UNKNOWN,0,0,FALSE,UNKNOWN,VERIFIED_EXISTS
ccdee57b-1a7d-4aa9-ace5-a64671ec5e3a,,015636c28cb6e0b9,새출발기금 지원 업무처리방법 ,EXTRACTION_PENDING,EXTRACTION_PENDING,6830681f47aa890ee021c3265f545db300ef82babf3f2f855ce7e23bd550e6cf,https://www.alio.go.kr/download/rulefiledown.json?fileNo=223999,200,application/haansofthwp;charset=utf-8,90624,DOWNLOADED,UNKNOWN,hwp,ole_error:AttributeError,UNKNOWN,UNKNOWN,0,0,FALSE,UNKNOWN,VERIFIED_EXISTS
ccdee57b-1a7d-4aa9-ace5-a64671ec5e3a,,41d56bf621ba504c,서울시 사회주택 안심보증 업무처리방법,EXTRACTION_PENDING,EXTRACTION_PENDING,78186b8820dade232b9a3d325f65fac47301cccde9d9f0516a3a75fe8df94faa,https://www.alio.go.kr/download/rulefiledown.json?fileNo=202311,200,application/haansofthwp;charset=utf-8,130048,DOWNLOADED,UNKNOWN,hwp,ole_error:AttributeError,UNKNOWN,UNKNOWN,0,0,FALSE,VERIFIED_EXISTS,VERIFIED_EXISTS
ccdee57b-1a7d-4aa9-ace5-a64671ec5e3a,,2fcfd49b8ff9a4ff,선진화계획 추진협의회 운영기준,EXTRACTION_PENDING,EXTRACTION_PENDING,032f8f9af2b97b347b357a1165452b6f9a80014173f198e8718ba4cf1c6f0019,https://www.alio.go.kr/download/rulefiledown.json?fileNo=12014,200,application/haansofthwp;charset=utf-8,15872,DOWNLOADED,UNKNOWN,hwp,ole_error:AttributeError,UNKNOWN,UNKNOWN,0,0,FALSE,UNKNOWN,VERIFIED_EXISTS
ccdee57b-1a7d-4aa9-ace5-a64671ec5e3a,,906230b9101295f9,성과관리요령,EXTRACTION_PENDING,EXTRACTION_PENDING,9ee4fa1dfbbaa0990b6316cd258bec301da1a60cdc133cfd78b582decc173ff5,https://www.alio.go.kr/download/rulefiledown.json?fileNo=200633,200,application/haansofthwp;charset=utf-8,81408,DOWNLOADED,UNKNOWN,hwp,ole_error:AttributeError,UNKNOWN,UNKNOWN,0,0,FALSE,VERIFIED_EXISTS,VERIFIED_EXISTS
ccdee57b-1a7d-4aa9-ace5-a64671ec5e3a,,e2a3dbce40c8f032,성희롱·성폭력·스토킹 예방기준,EXTRACTION_PENDING,EXTRACTION_PENDING,c6c322af3212ee93abaf83f237a00a6616f03be50bcbb003e73ebf9f2a49fc37,https://www.alio.go.kr/download/rulefiledown.json?fileNo=227931,200,application/haansofthwp;charset=utf-8,79872,DOWNLOADED,UNKNOWN,hwp,ole_error:AttributeError,UNKNOWN,UNKNOWN,0,0,FALSE,VERIFIED_EXISTS,VERIFIED_EXISTS
ccdee57b-1a7d-4aa9-ace5-a64671ec5e3a,,0580ff51a948d59b,소방안전관리기준,EXTRACTION_PENDING,EXTRACTION_PENDING,4bbb99a183de30b88bf0895d3481b7e9b98ee7b8ef22639038b84606ab7c6bb7,https://www.alio.go.kr/download/rulefiledown.json?fileNo=232502,200,application/haansofthwp;charset=utf-8,148992,DOWNLOADED,UNKNOWN,hwp,ole_error:AttributeError,UNKNOWN,UNKNOWN,0,0,FALSE,VERIFIED_EXISTS,VERIFIED_EXISTS
ccdee57b-1a7d-4aa9-ace5-a64671ec5e3a,,193c70663910d6da,소상공인 금융지원 위탁보증 면책기준,EXTRACTION_PENDING,EXTRACTION_PENDING,b46c67ef9c265a3d2c5e448e844b5dd3a1f8b4747d46743b639477e147d1b506,https://www.alio.go.kr/download/rulefiledown.json?fileNo=106047,200,application/haansofthwp;charset=utf-8,46592,DOWNLOADED,UNKNOWN,hwp,ole_error:AttributeError,UNKNOWN,UNKNOWN,0,0,FALSE,VERIFIED_EXISTS,VERIFIED_EXISTS
ccdee57b-1a7d-4aa9-ace5-a64671ec5e3a,,f2527b379ee564f9,소상공인 금융지원 위탁보증 부실관리기준,EXTRACTION_PENDING,EXTRACTION_PENDING,e9af0ca40168d7d015c5b973a3274076011310ad06be7ef0de9e174893058471,https://www.alio.go.kr/download/rulefiledown.json?fileNo=213431,200,application/haansofthwp;charset=utf-8,73728,DOWNLOADED,UNKNOWN,hwp,ole_error:AttributeError,UNKNOWN,UNKNOWN,0,0,FALSE,VERIFIED_EXISTS,VERIFIED_EXISTS
ccdee57b-1a7d-4aa9-ace5-a64671ec5e3a,,001a54b7b306fbc4,소상공인 금융지원 위탁보증 심사운용기준,EXTRACTION_PENDING,EXTRACTION_PENDING,ff7847d8c3440d8d3f1536e42c9628e2b6ca54d924136d710b087753442743ee,https://www.alio.go.kr/download/rulefiledown.json?fileNo=144659,200,application/haansofthwp;charset=utf-8,29696,DOWNLOADED,UNKNOWN,hwp,ole_error:AttributeError,UNKNOWN,UNKNOWN,0,0,FALSE,VERIFIED_EXISTS,VERIFIED_EXISTS
ccdee57b-1a7d-4aa9-ace5-a64671ec5e3a,,9d0ec00d6686e29e,소상공인 금융지원 위탁보증 운용요령,EXTRACTION_PENDING,EXTRACTION_PENDING,f6db71bb34e4ca4c5ba72785efced558f8706f2e3e2a5b683093b49203ff81f9,https://www.alio.go.kr/download/rulefiledown.json?fileNo=239684,200,application/haansofthwp;charset=utf-8,75776,DOWNLOADED,UNKNOWN,hwp,ole_error:AttributeError,UNKNOWN,UNKNOWN,0,0,FALSE,VERIFIED_EXISTS,VERIFIED_EXISTS
ccdee57b-1a7d-4aa9-ace5-a64671ec5e3a,,259fbaac00d7c77f,소상공인 금융지원 위탁보증 조사자료 등 운용기준,EXTRACTION_PENDING,EXTRACTION_PENDING,9b4390137a34e4053ad61fc34fc5ffc0746e0cde1d1c180d816179153dca286b,https://www.alio.go.kr/download/rulefiledown.json?fileNo=239686,200,application/haansofthwp;charset=utf-8,118272,DOWNLOADED,UNKNOWN,hwp,ole_error:AttributeError,UNKNOWN,UNKNOWN,0,0,FALSE,VERIFIED_EXISTS,VERIFIED_EXISTS
ccdee57b-1a7d-4aa9-ace5-a64671ec5e3a,,618ce35c99a8009b,소상공인·자영업자 새출발기금 관련 만기 연장 업무처리방법(위탁보증용),EXTRACTION_PENDING,EXTRACTION_PENDING,583e1bf88d4261b5fe202a6bd01e0ed334714eaaa06562f3b9b53d8099c57621,https://www.alio.go.kr/download/rulefiledown.json?fileNo=175762,200,application/haansofthwp;charset=utf-8,69632,DOWNLOADED,UNKNOWN,hwp,ole_error:AttributeError,UNKNOWN,UNKNOWN,0,0,FALSE,UNKNOWN,VERIFIED_EXISTS
ccdee57b-1a7d-4aa9-ace5-a64671ec5e3a,,8610bddfd0b8145e,소상공인 저금리대환 위탁보증 면책기준,EXTRACTION_PENDING,EXTRACTION_PENDING,b9fae24d935707d5eec1b7e43721f0d0f45deb8f0ced48deefe583c58d88be0e,https://www.alio.go.kr/download/rulefiledown.json?fileNo=158372,200,application/haansofthwp;charset=utf-8,72192,DOWNLOADED,UNKNOWN,hwp,ole_error:AttributeError,UNKNOWN,UNKNOWN,0,0,FALSE,VERIFIED_EXISTS,VERIFIED_EXISTS
ccdee57b-1a7d-4aa9-ace5-a64671ec5e3a,,e0d1b8566042bae4,소상공인 저금리대환 위탁보증 보증료 등 운용기준,EXTRACTION_PENDING,EXTRACTION_PENDING,fe2664fc08d575b9ec00e7000e523d19ffb2941468ebf696bfc713c565ec161b,https://www.alio.go.kr/download/rulefiledown.json?fileNo=204710,200,application/haansofthwp;charset=utf-8,59904,DOWNLOADED,UNKNOWN,hwp,ole_error:AttributeError,UNKNOWN,UNKNOWN,0,0,FALSE,VERIFIED_EXISTS,VERIFIED_EXISTS
ccdee57b-1a7d-4aa9-ace5-a64671ec5e3a,,3ed6d5031def907c,소상공인 저금리대환 위탁보증 부실관리기준,EXTRACTION_PENDING,EXTRACTION_PENDING,ae360fb5f079415aa4fd89cd062936b8f7494cd6a9f5f8fe743161e7a3e1a0a5,https://www.alio.go.kr/download/rulefiledown.json?fileNo=158371,200,application/haansofthwp;charset=utf-8,71680,DOWNLOADED,UNKNOWN,hwp,ole_error:AttributeError,UNKNOWN,UNKNOWN,0,0,FALSE,VERIFIED_EXISTS,VERIFIED_EXISTS
ccdee57b-1a7d-4aa9-ace5-a64671ec5e3a,,38e5d9c85277b138,소상공인 저금리대환 위탁보증 운용기준,EXTRACTION_PENDING,EXTRACTION_PENDING,c9fa6a8c724a50833cd9687819b1ba132f0f80ee15fbbb6d51f93e0f16d5ee15,https://www.alio.go.kr/download/rulefiledown.json?fileNo=202964,200,application/haansofthwp;charset=utf-8,102400,DOWNLOADED,UNKNOWN,hwp,ole_error:AttributeError,UNKNOWN,UNKNOWN,0,0,FALSE,VERIFIED_EXISTS,VERIFIED_EXISTS
ccdee57b-1a7d-4aa9-ace5-a64671ec5e3a,,96aebcf4fae91d35,소상공인 저금리대환 위탁보증 운용요령,EXTRACTION_PENDING,EXTRACTION_PENDING,fa2c9203958944b5b4bc006580f81a49482299eb8619759e9edea487ec78316f,https://www.alio.go.kr/download/rulefiledown.json?fileNo=239687,200,application/haansofthwp;charset=utf-8,75264,DOWNLOADED,UNKNOWN,hwp,ole_error:AttributeError,UNKNOWN,UNKNOWN,0,0,FALSE,VERIFIED_EXISTS,VERIFIED_EXISTS
ccdee57b-1a7d-4aa9-ace5-a64671ec5e3a,,002f42cbfcfa5f2e,소상공인 저금리대환 위탁보증 조사자료 등 운용기준,EXTRACTION_PENDING,EXTRACTION_PENDING,c5e148fc9a00a84c6bc4f4c249b2270cf2d28d31f90c79cc157319f103b93446,https://www.alio.go.kr/download/rulefiledown.json?fileNo=239688,200,application/haansofthwp;charset=utf-8,124416,DOWNLOADED,UNKNOWN,hwp,ole_error:AttributeError,UNKNOWN,UNKNOWN,0,0,FALSE,VERIFIED_EXISTS,VERIFIED_EXISTS
ccdee57b-1a7d-4aa9-ace5-a64671ec5e3a,,ca2adfd97df90e56,손해금률 변경 통보,EXTRACTION_PENDING,EXTRACTION_PENDING,cd524dd2308ac472fe50aa98d5d57343e34cf13ed535ff5ca2260799baef4c6a,https://www.alio.go.kr/download/rulefiledown.json?fileNo=204460,200,application/haansofthwp;charset=utf-8,39424,DOWNLOADED,UNKNOWN,hwp,ole_error:AttributeError,UNKNOWN,UNKNOWN,0,0,FALSE,UNKNOWN,VERIFIED_EXISTS
ccdee57b-1a7d-4aa9-ace5-a64671ec5e3a,,ce7fd8120ed51c4f,시설·운전 패키지 특례보증 업무처리방법,EXTRACTION_PENDING,EXTRACTION_PENDING,a57b44c0a21e4ab166388d3f74870831cea029f0a52f2858ea69f1fad45fb88a,https://www.alio.go.kr/download/rulefiledown.json?fileNo=239103,200,application/haansofthwp;charset=utf-8,55808,DOWNLOADED,UNKNOWN,hwp,ole_error:AttributeError,UNKNOWN,UNKNOWN,0,0,FALSE,UNKNOWN,VERIFIED_EXISTS
ccdee57b-1a7d-4aa9-ace5-a64671ec5e3a,,0bc89d9824a1f9bf,신속 금융지원 프로그램 업무처리기준,EXTRACTION_PENDING,EXTRACTION_PENDING,6b41d361413497c278defcc1d3de60b55225c8b414687fd62f9aac1318979922,https://www.alio.go.kr/download/rulefiledown.json?fileNo=218878,200,application/haansofthwp;charset=utf-8,96768,DOWNLOADED,UNKNOWN,hwp,ole_error:AttributeError,UNKNOWN,UNKNOWN,0,0,FALSE,VERIFIED_EXISTS,VERIFIED_EXISTS
ccdee57b-1a7d-4aa9-ace5-a64671ec5e3a,,ded0fd493a66c664,신용보증기금 임직원 행동강령,EXTRACTION_PENDING,EXTRACTION_PENDING,4fcc5f160f3c165a10901cbe0e7c9ebab5c87950223abd669c4102d77a0a4f83,https://www.alio.go.kr/download/rulefiledown.json?fileNo=237944,200,application/haansofthwp;charset=utf-8,116736,DOWNLOADED,UNKNOWN,hwp,ole_error:AttributeError,UNKNOWN,UNKNOWN,0,0,FALSE,UNKNOWN,VERIFIED_EXISTS
ccdee57b-1a7d-4aa9-ace5-a64671ec5e3a,,9b15e6bb1f6b9d85,신용보증기금 정관,EXTRACTION_PENDING,EXTRACTION_PENDING,796c0a24f4c0f212cf314e902ea10cc54113242b73cba7dc5a2245059efea1b1,https://www.alio.go.kr/download/rulefiledown.json?fileNo=222461,200,application/haansofthwp;charset=utf-8,73728,DOWNLOADED,UNKNOWN,hwp,ole_error:AttributeError,UNKNOWN,UNKNOWN,0,0,FALSE,UNKNOWN,VERIFIED_EXISTS
ccdee57b-1a7d-4aa9-ace5-a64671ec5e3a,,25d746912d879924,신용정보서비스 업무처리기준,EXTRACTION_PENDING,EXTRACTION_PENDING,33230fc8f5530fcab8d804678dc54e856f6b284e4e9dbcf8b57c1a10a6758c74,https://www.alio.go.kr/download/rulefiledown.json?fileNo=222460,200,application/haansofthwp;charset=utf-8,122368,DOWNLOADED,UNKNOWN,hwp,ole_error:AttributeError,UNKNOWN,UNKNOWN,0,0,FALSE,VERIFIED_EXISTS,VERIFIED_EXISTS
ccdee57b-1a7d-4aa9-ace5-a64671ec5e3a,,9cbe22747a94dfe1,신용정보 업무요령,EXTRACTION_PENDING,EXTRACTION_PENDING,449bca68daba01039e4bdfccf1a050b531251052cdfca62f2dec4309a94259aa,https://www.alio.go.kr/download/rulefiledown.json?fileNo=201214,200,application/haansofthwp;charset=utf-8,72704,DOWNLOADED,UNKNOWN,hwp,ole_error:AttributeError,UNKNOWN,UNKNOWN,0,0,FALSE,VERIFIED_EXISTS,VERIFIED_EXISTS
ccdee57b-1a7d-4aa9-ace5-a64671ec5e3a,,f9fd065779698232,안전보건관리규정,EXTRACTION_PENDING,EXTRACTION_PENDING,7290958988d82a1bbeebcd11954649f2ff5649fae0cf9de4f6186d5659ab4164,https://www.alio.go.kr/download/rulefiledown.json?fileNo=238723,200,application/haansofthwp;charset=utf-8,75264,DOWNLOADED,UNKNOWN,hwp,ole_error:AttributeError,UNKNOWN,UNKNOWN,0,0,FALSE,VERIFIED_EXISTS,VERIFIED_EXISTS
ccdee57b-1a7d-4aa9-ace5-a64671ec5e3a,,e1430818c8f050f2,안전보건관리요령,EXTRACTION_PENDING,EXTRACTION_PENDING,f25aea8b2695254e41e7b0893023ea499f37fb0af1d14ad713740d1652ac9642,https://www.alio.go.kr/download/rulefiledown.json?fileNo=238722,200,application/haansofthwp;charset=utf-8,185856,DOWNLOADED,UNKNOWN,hwp,ole_error:AttributeError,UNKNOWN,UNKNOWN,0,0,FALSE,VERIFIED_EXISTS,VERIFIED_EXISTS
ccdee57b-1a7d-4aa9-ace5-a64671ec5e3a,,c9e6d70d13581232,안전보건 위험성평가 기준,EXTRACTION_PENDING,EXTRACTION_PENDING,fbc8b231d1c8d59e20be1d46c04217b363053fb048030daceaef213745ffd572,https://www.alio.go.kr/download/rulefiledown.json?fileNo=238721,200,application/haansofthwp;charset=utf-8,84480,DOWNLOADED,UNKNOWN,hwp,ole_error:AttributeError,UNKNOWN,UNKNOWN,0,0,FALSE,VERIFIED_EXISTS,VERIFIED_EXISTS
ccdee57b-1a7d-4aa9-ace5-a64671ec5e3a,,be04d01684f13da5,안전사고에 관한 임원 문책요령,EXTRACTION_PENDING,EXTRACTION_PENDING,139dabcf744407fab582eb3de7e3599f5e439da1f107a27da3cdc76eb1ac8969,https://www.alio.go.kr/download/rulefiledown.json?fileNo=199124,200,application/haansofthwp;charset=utf-8,71168,DOWNLOADED,UNKNOWN,hwp,ole_error:AttributeError,UNKNOWN,UNKNOWN,0,0,FALSE,VERIFIED_EXISTS,VERIFIED_EXISTS
ccdee57b-1a7d-4aa9-ace5-a64671ec5e3a,,229bc62acd38d26c,업무방법서,EXTRACTION_PENDING,EXTRACTION_PENDING,bccde317a49c960cf09c7003475bf21211f03e8dfbb021a22eb1eb5f25e07438,https://www.alio.go.kr/download/rulefiledown.json?fileNo=235814,200,application/haansofthwp;charset=utf-8,95744,DOWNLOADED,UNKNOWN,hwp,ole_error:AttributeError,UNKNOWN,UNKNOWN,0,0,FALSE,VERIFIED_EXISTS,VERIFIED_EXISTS
ccdee57b-1a7d-4aa9-ace5-a64671ec5e3a,,ed10fef0afaaecc1,여비기준,EXTRACTION_PENDING,EXTRACTION_PENDING,7ea0be195ed8bd083fad59e926e63f526f4f6cbca0e668eaa0ef7158b3fe6974,https://www.alio.go.kr/download/rulefiledown.json?fileNo=239094,200,application/haansofthwp;charset=utf-8,85504,DOWNLOADED,UNKNOWN,hwp,ole_error:AttributeError,UNKNOWN,UNKNOWN,0,0,FALSE,VERIFIED_EXISTS,VERIFIED_EXISTS
ccdee57b-1a7d-4aa9-ace5-a64671ec5e3a,,db8978a6ed0118bd,연구개발유형 벤처확인 전문 평가 운용기준,EXTRACTION_PENDING,EXTRACTION_PENDING,c576bd8d443bdd0b836d0f9af837283fb1d329e53a514e66a05109cc702801b6,https://www.alio.go.kr/download/rulefiledown.json?fileNo=223264,200,application/haansofthwp;charset=utf-8,91136,DOWNLOADED,UNKNOWN,hwp,ole_error:AttributeError,UNKNOWN,UNKNOWN,0,0,FALSE,VERIFIED_EXISTS,VERIFIED_EXISTS
ccdee57b-1a7d-4aa9-ace5-a64671ec5e3a,,b9ab4c58a0444769,연수업무처리기준,EXTRACTION_PENDING,EXTRACTION_PENDING,3a92486c90584680568d101aa8f98e58fd988f227dfbef96268d50dc5b8464fa,https://www.alio.go.kr/download/rulefiledown.json?fileNo=239490,200,application/haansofthwp;charset=utf-8,142336,DOWNLOADED,UNKNOWN,hwp,ole_error:AttributeError,UNKNOWN,UNKNOWN,0,0,FALSE,VERIFIED_EXISTS,VERIFIED_EXISTS
ccdee57b-1a7d-4aa9-ace5-a64671ec5e3a,,759aa2b2275d21c7,연수요령,EXTRACTION_PENDING,EXTRACTION_PENDING,d1a894f0c8ae798f1da3f8ecae8bc22d769059874f97ea12da9b091899af0de6,https://www.alio.go.kr/download/rulefiledown.json?fileNo=223405,200,application/haansofthwp;charset=utf-8,71680,DOWNLOADED,UNKNOWN,hwp,ole_error:AttributeError,UNKNOWN,UNKNOWN,0,0,FALSE,VERIFIED_EXISTS,VERIFIED_EXISTS
ccdee57b-1a7d-4aa9-ace5-a64671ec5e3a,,0c9ab9eecec66493,예산관리요령,EXTRACTION_PENDING,EXTRACTION_PENDING,3ef89ea3322fc97ed54df6c1adb9ae7384c90690fe900dca3b17b39027b7df5c,https://www.alio.go.kr/download/rulefiledown.json?fileNo=227962,200,application/haansofthwp;charset=utf-8,89600,DOWNLOADED,UNKNOWN,hwp,ole_error:AttributeError,UNKNOWN,UNKNOWN,0,0,FALSE,VERIFIED_EXISTS,VERIFIED_EXISTS
ccdee57b-1a7d-4aa9-ace5-a64671ec5e3a,,00d0c2aa78bccc1c,외국어능력평가 실시기준,EXTRACTION_PENDING,EXTRACTION_PENDING,c5c42e708ab6ffa68ae30c4805d3dc280573e4c04d7c7e8242096ec31494501a,https://www.alio.go.kr/download/rulefiledown.json?fileNo=223406,200,application/haansofthwp;charset=utf-8,91648,DOWNLOADED,UNKNOWN,hwp,ole_error:AttributeError,UNKNOWN,UNKNOWN,0,0,FALSE,VERIFIED_EXISTS,VERIFIED_EXISTS
ccdee57b-1a7d-4aa9-ace5-a64671ec5e3a,,771ad305a8845fd9,운영위원회규정,EXTRACTION_PENDING,EXTRACTION_PENDING,1d4438661dda0b4871c1a15d706a79b942c8d081740780835b10927f59c974c3,https://www.alio.go.kr/download/rulefiledown.json?fileNo=149496,200,application/haansofthwp;charset=utf-8,20480,DOWNLOADED,UNKNOWN,hwp,ole_error:AttributeError,UNKNOWN,UNKNOWN,0,0,FALSE,VERIFIED_EXISTS,VERIFIED_EXISTS
ccdee57b-1a7d-4aa9-ace5-a64671ec5e3a,,cdd6ee0cb000e61d,위탁보증 기보증회수보증(갱신보증) 업무처리기준,EXTRACTION_PENDING,EXTRACTION_PENDING,82024a679c4e587751c84eae1a5696f90e624449c222aa503b8515b6a5622c1e,https://www.alio.go.kr/download/rulefiledown.json?fileNo=43267,200,application/haansofthwp;charset=utf-8,21504,DOWNLOADED,UNKNOWN,hwp,ole_error:AttributeError,UNKNOWN,UNKNOWN,0,0,FALSE,UNKNOWN,VERIFIED_EXISTS
ccdee57b-1a7d-4aa9-ace5-a64671ec5e3a,,d131f902f3df7b7c,위탁보증 기업형태변동기업에 대한 업무처리기준,EXTRACTION_PENDING,EXTRACTION_PENDING,a84746af163706ad30d1b557b2fbf4f3ed987d99e7289542077d2bd5a87b9555,https://www.alio.go.kr/download/rulefiledown.json?fileNo=43268,200,application/haansofthwp;charset=utf-8,16384,DOWNLOADED,UNKNOWN,hwp,ole_error:AttributeError,UNKNOWN,UNKNOWN,0,0,FALSE,UNKNOWN,VERIFIED_EXISTS
ccdee57b-1a7d-4aa9-ace5-a64671ec5e3a,,32976686f7e6c91b,위탁보증 면책기준,EXTRACTION_PENDING,EXTRACTION_PENDING,16d5e0950c048598144fb542bc3d6c4573131c03fc233ef5c4b30e0fef7f2fd2,https://www.alio.go.kr/download/rulefiledown.json?fileNo=26804,200,application/haansofthwp;charset=utf-8,45568,DOWNLOADED,UNKNOWN,hwp,ole_error:AttributeError,UNKNOWN,UNKNOWN,0,0,FALSE,VERIFIED_EXISTS,VERIFIED_EXISTS
ccdee57b-1a7d-4aa9-ace5-a64671ec5e3a,,42c36ea4b53e42d1,위탁보증 보증료 등 운용기준,EXTRACTION_PENDING,EXTRACTION_PENDING,269b89e6313a3195a76c187d9d6d4739e9253cd2722254076462e5de2c9ecd81,https://www.alio.go.kr/download/rulefiledown.json?fileNo=43269,200,application/haansofthwp;charset=utf-8,15872,DOWNLOADED,UNKNOWN,hwp,ole_error:AttributeError,UNKNOWN,UNKNOWN,0,0,FALSE,VERIFIED_EXISTS,VERIFIED_EXISTS
ccdee57b-1a7d-4aa9-ace5-a64671ec5e3a,,fb9b616a45d715b8,위탁보증부실관리기준,EXTRACTION_PENDING,EXTRACTION_PENDING,78c991224056e10412ba980e1d9567816572d5d4cdf6a39f39b7d02e5b7c5872,https://www.alio.go.kr/download/rulefiledown.json?fileNo=158370,200,application/haansofthwp;charset=utf-8,67584,DOWNLOADED,UNKNOWN,hwp,ole_error:AttributeError,UNKNOWN,UNKNOWN,0,0,FALSE,VERIFIED_EXISTS,VERIFIED_EXISTS
ccdee57b-1a7d-4aa9-ace5-a64671ec5e3a,,30b682678bf76c3b,위탁보증 사고(부실)관리기준,EXTRACTION_PENDING,EXTRACTION_PENDING,6d5fb846d1c63062b461817d890e7b06602b5d7e6013fdef1f805fac8a5db74b,https://www.alio.go.kr/download/rulefiledown.json?fileNo=43327,200,application/haansofthwp;charset=utf-8,22016,DOWNLOADED,UNKNOWN,hwp,ole_error:AttributeError,UNKNOWN,UNKNOWN,0,0,FALSE,VERIFIED_EXISTS,VERIFIED_EXISTS
ccdee57b-1a7d-4aa9-ace5-a64671ec5e3a,,4bd602022a9e162e,위탁보증 심사요령,EXTRACTION_PENDING,EXTRACTION_PENDING,6109e6ffaf5ee4febd13434102f7dbe92511f1ef35e75f7c9f8def05d0dfd083,https://www.alio.go.kr/download/rulefiledown.json?fileNo=71424,200,application/haansofthwp;charset=utf-8,37376,DOWNLOADED,UNKNOWN,hwp,ole_error:AttributeError,UNKNOWN,UNKNOWN,0,0,FALSE,VERIFIED_EXISTS,VERIFIED_EXISTS
ccdee57b-1a7d-4aa9-ace5-a64671ec5e3a,,c380247fb34765c0,위탁보증 연대보증 운용기준,EXTRACTION_PENDING,EXTRACTION_PENDING,0bfde7a9365839ad0dfafae1be6916fb5d13c416f678c5d34607f0ee15d1d59c,https://www.alio.go.kr/download/rulefiledown.json?fileNo=43270,200,application/haansofthwp;charset=utf-8,40960,DOWNLOADED,UNKNOWN,hwp,ole_error:AttributeError,UNKNOWN,UNKNOWN,0,0,FALSE,UNKNOWN,VERIFIED_EXISTS
ccdee57b-1a7d-4aa9-ace5-a64671ec5e3a,,d8a6cdfd368b5f62,위탁보증 운용요령,EXTRACTION_PENDING,EXTRACTION_PENDING,3343ab1b52148945d5f3f8d47d4dc3bbecd8ab7ce2a1440c22f0bd594ad84edc,https://www.alio.go.kr/download/rulefiledown.json?fileNo=43271,200,application/haansofthwp;charset=utf-8,37888,DOWNLOADED,UNKNOWN,hwp,ole_error:AttributeError,UNKNOWN,UNKNOWN,0,0,FALSE,VERIFIED_EXISTS,VERIFIED_EXISTS
ccdee57b-1a7d-4aa9-ace5-a64671ec5e3a,,8b45aaeb12bb8718,위탁보증 전환기업 면책기준,EXTRACTION_PENDING,EXTRACTION_PENDING,1b1112a98c2f14de83021c94a53cc882a9d56ca8c9f467f5698a064d6c2f6740,https://www.alio.go.kr/download/rulefiledown.json?fileNo=43328,200,application/haansofthwp;charset=utf-8,60928,DOWNLOADED,UNKNOWN,hwp,ole_error:AttributeError,UNKNOWN,UNKNOWN,0,0,FALSE,UNKNOWN,VERIFIED_EXISTS
ccdee57b-1a7d-4aa9-ace5-a64671ec5e3a,,f933c4f60932b4a9,위탁보증 전환기업에 대한 보증 업무처리기준,EXTRACTION_PENDING,EXTRACTION_PENDING,3bdde7402282bbf39c29a982fcfa49559116093244925051a60d80442e42f31f,https://www.alio.go.kr/download/rulefiledown.json?fileNo=43273,200,application/haansofthwp;charset=utf-8,22528,DOWNLOADED,UNKNOWN,hwp,ole_error:AttributeError,UNKNOWN,UNKNOWN,0,0,FALSE,UNKNOWN,VERIFIED_EXISTS
ccdee57b-1a7d-4aa9-ace5-a64671ec5e3a,,0684b358c981af2a,위탁보증 전환 및 운영기준,EXTRACTION_PENDING,EXTRACTION_PENDING,2ef43dde2bc393bd8e13c969e75b63b9aa87e2aae5ae1bbf5e7218dffd45a4a5,https://www.alio.go.kr/download/rulefiledown.json?fileNo=43272,200,application/haansofthwp;charset=utf-8,29184,DOWNLOADED,UNKNOWN,hwp,ole_error:AttributeError,UNKNOWN,UNKNOWN,0,0,FALSE,UNKNOWN,VERIFIED_EXISTS
ccdee57b-1a7d-4aa9-ace5-a64671ec5e3a,,be127f332414f782,위탁보증 조건변경 업무처리기준,EXTRACTION_PENDING,EXTRACTION_PENDING,127d73de477312b6d83489d79c59f7421f993a03e96554bcd1bf10cae418f3c1,https://www.alio.go.kr/download/rulefiledown.json?fileNo=43274,200,application/haansofthwp;charset=utf-8,33792,DOWNLOADED,UNKNOWN,hwp,ole_error:AttributeError,UNKNOWN,UNKNOWN,0,0,FALSE,UNKNOWN,VERIFIED_EXISTS
ccdee57b-1a7d-4aa9-ace5-a64671ec5e3a,,a640a3330681ab5f,"위탁보증 조사, 심사 운용기준",EXTRACTION_PENDING,EXTRACTION_PENDING,8c83d06aef6eff524cb495f5ba0284fff960c0d467e50e15de65589d3f1adfaa,https://www.alio.go.kr/download/rulefiledown.json?fileNo=43275,200,application/haansofthwp;charset=utf-8,40448,DOWNLOADED,UNKNOWN,hwp,ole_error:AttributeError,UNKNOWN,UNKNOWN,0,0,FALSE,UNKNOWN,VERIFIED_EXISTS
ccdee57b-1a7d-4aa9-ace5-a64671ec5e3a,,76bc06190d280be2,위탁보증 조사자료 등 운용기준,EXTRACTION_PENDING,EXTRACTION_PENDING,a13ac23b3350d0136f2b9f896ddfa72dbac7168221cb0b4a50deddf94d8c2d22,https://www.alio.go.kr/download/rulefiledown.json?fileNo=43276,200,application/haansofthwp;charset=utf-8,26112,DOWNLOADED,UNKNOWN,hwp,ole_error:AttributeError,UNKNOWN,UNKNOWN,0,0,FALSE,VERIFIED_EXISTS,VERIFIED_EXISTS
ccdee57b-1a7d-4aa9-ace5-a64671ec5e3a,,50d5856756ac3345,위탁보증 취급절차 운용기준,EXTRACTION_PENDING,EXTRACTION_PENDING,446d5b9157ad08a05a062274ce4ac1a5b2859a58a8fdc3fec044d3cd2bfa049b,https://www.alio.go.kr/download/rulefiledown.json?fileNo=43277,200,application/haansofthwp;charset=utf-8,24576,DOWNLOADED,UNKNOWN,hwp,ole_error:AttributeError,UNKNOWN,UNKNOWN,0,0,FALSE,UNKNOWN,VERIFIED_EXISTS
ccdee57b-1a7d-4aa9-ace5-a64671ec5e3a,,611e8410ba6c52e6,유연근무제 운영기준,EXTRACTION_PENDING,EXTRACTION_PENDING,87954336c8d9edf0338b14ac853be8c1239c04857eb3b408df49a617b7daa649,https://www.alio.go.kr/download/rulefiledown.json?fileNo=235308,200,application/haansofthwp;charset=utf-8,184832,DOWNLOADED,UNKNOWN,hwp,ole_error:AttributeError,UNKNOWN,UNKNOWN,0,0,FALSE,VERIFIED_EXISTS,VERIFIED_EXISTS
ccdee57b-1a7d-4aa9-ace5-a64671ec5e3a,,bfd5f9c5d4eecfc7,이사회규정,EXTRACTION_PENDING,EXTRACTION_PENDING,b190fef66f1bc41fdbf2374a3abf4aada197f60fa4a36008ed3f8dd095a6ef5c,https://www.alio.go.kr/download/rulefiledown.json?fileNo=206446,200,application/haansofthwp;charset=utf-8,71680,DOWNLOADED,UNKNOWN,hwp,ole_error:AttributeError,UNKNOWN,UNKNOWN,0,0,FALSE,VERIFIED_EXISTS,VERIFIED_EXISTS
ccdee57b-1a7d-4aa9-ace5-a64671ec5e3a,,36e8d373524fd84e,이커머스 정산지연 피해기업 특례보증 업무처리방법,EXTRACTION_PENDING,EXTRACTION_PENDING,d2174bf736aa160d0eb38d34730d12bb411d4449e56e029ee0758a292221ff9d,https://www.alio.go.kr/download/rulefiledown.json?fileNo=230404,200,application/haansofthwp;charset=utf-8,134656,DOWNLOADED,UNKNOWN,hwp,ole_error:AttributeError,UNKNOWN,UNKNOWN,0,0,FALSE,UNKNOWN,VERIFIED_EXISTS
ccdee57b-1a7d-4aa9-ace5-a64671ec5e3a,,897fa767d68d7714,이해충돌 방지제도 운영기준,EXTRACTION_PENDING,EXTRACTION_PENDING,1fcab0b19283756856ebdd4419126147918e651d94663f6663098da3ad921666,https://www.alio.go.kr/download/rulefiledown.json?fileNo=211353,200,application/haansofthwp;charset=utf-8,136704,DOWNLOADED,UNKNOWN,hwp,ole_error:AttributeError,UNKNOWN,UNKNOWN,0,0,FALSE,VERIFIED_EXISTS,VERIFIED_EXISTS
ccdee57b-1a7d-4aa9-ace5-a64671ec5e3a,,9ac19dc41252b8ed,인권경영요령,EXTRACTION_PENDING,EXTRACTION_PENDING,9e0b3d011be896262e27fe0b1492a68ca7849be93bd340e54fb5e75345b5b4ec,https://www.alio.go.kr/download/rulefiledown.json?fileNo=203018,200,application/haansofthwp;charset=utf-8,71168,DOWNLOADED,UNKNOWN,hwp,ole_error:AttributeError,UNKNOWN,UNKNOWN,0,0,FALSE,VERIFIED_EXISTS,VERIFIED_EXISTS
ccdee57b-1a7d-4aa9-ace5-a64671ec5e3a,,f2645b04c8fd4c89,인사요령,EXTRACTION_PENDING,EXTRACTION_PENDING,c3c48e79d9c5f775ce41c694c786e6b1c73d3a88c86db1ae16ba4982a666a95d,https://www.alio.go.kr/download/rulefiledown.json?fileNo=227932,200,application/haansofthwp;charset=utf-8,136192,DOWNLOADED,UNKNOWN,hwp,ole_error:AttributeError,UNKNOWN,UNKNOWN,0,0,FALSE,VERIFIED_EXISTS,VERIFIED_EXISTS
ccdee57b-1a7d-4aa9-ace5-a64671ec5e3a,,6e0e2f0bfa917c15,인사요령 운영기준,EXTRACTION_PENDING,EXTRACTION_PENDING,a54b5c53ecc5c1f3a360c4650a88791840f8443fb7b9fc784596ee6492d77044,https://www.alio.go.kr/download/rulefiledown.json?fileNo=227935,200,application/haansofthwp;charset=utf-8,83968,DOWNLOADED,UNKNOWN,hwp,ole_error:AttributeError,UNKNOWN,UNKNOWN,0,0,FALSE,VERIFIED_EXISTS,VERIFIED_EXISTS
ccdee57b-1a7d-4aa9-ace5-a64671ec5e3a,,7ebed1efd9c46024,일반업무소송요령,EXTRACTION_PENDING,EXTRACTION_PENDING,5f8a4d1dbaaf92efcf24ab7588f7db81de24a22372f8608c1ba514a7d44ca7da,https://www.alio.go.kr/download/rulefiledown.json?fileNo=218052,200,application/haansofthwp;charset=utf-8,72192,DOWNLOADED,UNKNOWN,hwp,ole_error:AttributeError,UNKNOWN,UNKNOWN,0,0,FALSE,VERIFIED_EXISTS,VERIFIED_EXISTS
ccdee57b-1a7d-4aa9-ace5-a64671ec5e3a,,685cf6899dd8aa97,임금피크제 운영기준,EXTRACTION_PENDING,EXTRACTION_PENDING,2376a80402d6bf50861be1b26339ada606433ec44b08ef230764f7aa016be253,https://www.alio.go.kr/download/rulefiledown.json?fileNo=235816,200,application/haansofthwp;charset=utf-8,140800,DOWNLOADED,UNKNOWN,hwp,ole_error:AttributeError,UNKNOWN,UNKNOWN,0,0,FALSE,VERIFIED_EXISTS,VERIFIED_EXISTS
ccdee57b-1a7d-4aa9-ace5-a64671ec5e3a,,47e230f3dd53db0f,임원추천위원회 운영규정,EXTRACTION_PENDING,EXTRACTION_PENDING,5ccdd98e5378ee8db0bc565bfe212c49168d2351db6a8cd5856dab43a6db33a5,https://www.alio.go.kr/download/rulefiledown.json?fileNo=158363,200,application/haansofthwp;charset=utf-8,84480,DOWNLOADED,UNKNOWN,hwp,ole_error:AttributeError,UNKNOWN,UNKNOWN,0,0,FALSE,VERIFIED_EXISTS,VERIFIED_EXISTS
ccdee57b-1a7d-4aa9-ace5-a64671ec5e3a,,259c936857af9d8a,재난 피해 중견기업 특례보증 업무처리방법,EXTRACTION_PENDING,EXTRACTION_PENDING,e800fb3466ff64c38c495a2d9e882f2fef252ac1a0c46035e38b9d0508637601,https://www.alio.go.kr/download/rulefiledown.json?fileNo=193750,200,application/haansofthwp;charset=utf-8,52224,DOWNLOADED,UNKNOWN,hwp,ole_error:AttributeError,UNKNOWN,UNKNOWN,0,0,FALSE,VERIFIED_EXISTS,VERIFIED_EXISTS
ccdee57b-1a7d-4aa9-ace5-a64671ec5e3a,,026d775e6ba90bc4,재도전지원 프로그램 운용기준,EXTRACTION_PENDING,EXTRACTION_PENDING,865a656856142f795e67b767fce253f8952511270a4d2da48cef03b439178341,https://www.alio.go.kr/download/rulefiledown.json?fileNo=224168,200,application/haansofthwp;charset=utf-8,190464,DOWNLOADED,UNKNOWN,hwp,ole_error:AttributeError,UNKNOWN,UNKNOWN,0,0,FALSE,VERIFIED_EXISTS,VERIFIED_EXISTS
ccdee57b-1a7d-4aa9-ace5-a64671ec5e3a,,64c8f75b56b7e49c,재보증규정,EXTRACTION_PENDING,EXTRACTION_PENDING,ad73301ea081ccab1a17a47e00002baa34ab10e770ca344aa35a43fe6cd370ba,https://www.alio.go.kr/download/rulefiledown.json?fileNo=12655,200,application/haansofthwp;charset=utf-8,27648,DOWNLOADED,UNKNOWN,hwp,ole_error:AttributeError,UNKNOWN,UNKNOWN,0,0,FALSE,UNKNOWN,VERIFIED_EXISTS
ccdee57b-1a7d-4aa9-ace5-a64671ec5e3a,,ec5d036b4bccf45d,재보증업무처리요령,EXTRACTION_PENDING,EXTRACTION_PENDING,728213e97d102d8e7d5e92dfe2c471bc09b6b8f32f8bee351f0c6d23b152cf7a,https://www.alio.go.kr/download/rulefiledown.json?fileNo=12659,200,application/haansofthwp;charset=utf-8,24576,DOWNLOADED,UNKNOWN,hwp,ole_error:AttributeError,UNKNOWN,UNKNOWN,0,0,FALSE,UNKNOWN,VERIFIED_EXISTS
ccdee57b-1a7d-4aa9-ace5-a64671ec5e3a,,c90a1036d972ae19,재창업지원 프로그램 운용기준,EXTRACTION_PENDING,EXTRACTION_PENDING,dc86539703970b9e0eafa29de42fcd2b2eb3a8b2aa2123db613a3ac68d1ba3d7,https://www.alio.go.kr/download/rulefiledown.json?fileNo=211340,200,application/haansofthwp;charset=utf-8,218112,DOWNLOADED,UNKNOWN,hwp,ole_error:AttributeError,UNKNOWN,UNKNOWN,0,0,FALSE,VERIFIED_EXISTS,VERIFIED_EXISTS
ccdee57b-1a7d-4aa9-ace5-a64671ec5e3a,,d84695610b2775b8,전문인력 관리기준,EXTRACTION_PENDING,EXTRACTION_PENDING,a9e86b81816428e5030a84de65bbf6c6993555e2156120a4875fabc886782db8,https://www.alio.go.kr/download/rulefiledown.json?fileNo=209740,200,application/haansofthwp;charset=utf-8,69120,DOWNLOADED,UNKNOWN,hwp,ole_error:AttributeError,UNKNOWN,UNKNOWN,0,0,FALSE,VERIFIED_EXISTS,VERIFIED_EXISTS
ccdee57b-1a7d-4aa9-ace5-a64671ec5e3a,,1dae4761bb0cdc5c,전문직위 운영기준,EXTRACTION_PENDING,EXTRACTION_PENDING,31acb8e06a97ed55ad9b0021ba37bf7d7297fc7e13fc9dd7487038c9ccee347b,https://www.alio.go.kr/download/rulefiledown.json?fileNo=227936,200,application/haansofthwp;charset=utf-8,83456,DOWNLOADED,UNKNOWN,hwp,ole_error:AttributeError,UNKNOWN,UNKNOWN,0,0,FALSE,VERIFIED_EXISTS,VERIFIED_EXISTS
ccdee57b-1a7d-4aa9-ace5-a64671ec5e3a,,828b6c79b50d618f,전속업무직원 운용기준,EXTRACTION_PENDING,EXTRACTION_PENDING,f09539ff62aafd7f909eaf57f13b992dfb2bb923d962f19c166d12bc362f23a9,https://www.alio.go.kr/download/rulefiledown.json?fileNo=227921,200,application/haansofthwp;charset=utf-8,88576,DOWNLOADED,UNKNOWN,hwp,ole_error:AttributeError,UNKNOWN,UNKNOWN,0,0,FALSE,VERIFIED_EXISTS,VERIFIED_EXISTS
ccdee57b-1a7d-4aa9-ace5-a64671ec5e3a,,7bcb06d09c6adf0e,정규직 전환 심의위원회 운영기준,EXTRACTION_PENDING,EXTRACTION_PENDING,a5166f542bd998beaa181785c0f42b76254a4fda09742bab1ee0b7685c172b52,https://www.alio.go.kr/download/rulefiledown.json?fileNo=49998,200,application/haansofthwp;charset=utf-8,20480,DOWNLOADED,UNKNOWN,hwp,ole_error:AttributeError,UNKNOWN,UNKNOWN,0,0,FALSE,VERIFIED_EXISTS,VERIFIED_EXISTS
ccdee57b-1a7d-4aa9-ace5-a64671ec5e3a,,d034f46935967609,정규직 전환 요령,EXTRACTION_PENDING,EXTRACTION_PENDING,ce51c74a5f231d8c8a2df702a5430afd7920ae88622772d262cdd234a3bbecf9,https://www.alio.go.kr/download/rulefiledown.json?fileNo=53856,200,application/haansofthwp;charset=utf-8,16896,DOWNLOADED,UNKNOWN,hwp,ole_error:AttributeError,UNKNOWN,UNKNOWN,0,0,FALSE,VERIFIED_EXISTS,VERIFIED_EXISTS
ccdee57b-1a7d-4aa9-ace5-a64671ec5e3a,,0fa4b9b2cbc0d273,정보공개 업무요령,EXTRACTION_PENDING,EXTRACTION_PENDING,df5498c89ad8d74606a8cdc52f1fa645253e6bf77610a880eeda20acb52a0e5d,https://www.alio.go.kr/download/rulefiledown.json?fileNo=155697,200,application/haansofthwp;charset=utf-8,139776,DOWNLOADED,UNKNOWN,hwp,ole_error:AttributeError,UNKNOWN,UNKNOWN,0,0,FALSE,VERIFIED_EXISTS,VERIFIED_EXISTS
ccdee57b-1a7d-4aa9-ace5-a64671ec5e3a,,5e294d1559004e00,정보화요령,EXTRACTION_PENDING,EXTRACTION_PENDING,e8c761a14143566dae0acf0414745b0e1517d02fc70f5758f62ddb8450aecf3d,https://www.alio.go.kr/download/rulefiledown.json?fileNo=174749,200,application/haansofthwp;charset=utf-8,74752,DOWNLOADED,UNKNOWN,hwp,ole_error:AttributeError,UNKNOWN,UNKNOWN,0,0,FALSE,VERIFIED_EXISTS,VERIFIED_EXISTS
ccdee57b-1a7d-4aa9-ace5-a64671ec5e3a,,51cbb49ed3b48d57,종합근무평정요령,EXTRACTION_PENDING,EXTRACTION_PENDING,d9ba974351cf486688c557b16bb362bb02839120057b4556dfd7533a151c45a4,https://www.alio.go.kr/download/rulefiledown.json?fileNo=209750,200,application/haansofthwp;charset=utf-8,89088,DOWNLOADED,UNKNOWN,hwp,ole_error:AttributeError,UNKNOWN,UNKNOWN,0,0,FALSE,VERIFIED_EXISTS,VERIFIED_EXISTS
ccdee57b-1a7d-4aa9-ace5-a64671ec5e3a,,752b41573844c345,주의촉구 운영기준,EXTRACTION_PENDING,EXTRACTION_PENDING,d5c2c689f978d8464e0beb7cd7b1622e3cbf62bf87593f576cd8b3acbbb1a855,https://www.alio.go.kr/download/rulefiledown.json?fileNo=85742,200,application/haansofthwp;charset=utf-8,15872,DOWNLOADED,UNKNOWN,hwp,ole_error:AttributeError,UNKNOWN,UNKNOWN,0,0,FALSE,VERIFIED_EXISTS,VERIFIED_EXISTS
ccdee57b-1a7d-4aa9-ace5-a64671ec5e3a,,d70d86a346c22f7d,중소기업매출채권보험계정 운영요령,EXTRACTION_PENDING,EXTRACTION_PENDING,185c0e30a6cfa750fb820688d576e36ea0408a9b9080e89ea08e0bcae9b48afb,https://www.alio.go.kr/download/rulefiledown.json?fileNo=82198,200,application/haansofthwp;charset=utf-8,54272,DOWNLOADED,UNKNOWN,hwp,ole_error:AttributeError,UNKNOWN,UNKNOWN,0,0,FALSE,VERIFIED_EXISTS,VERIFIED_EXISTS
ccdee57b-1a7d-4aa9-ace5-a64671ec5e3a,,b1132a8dfe8d0ac8,중소기업매출채권보험 업무방법서,EXTRACTION_PENDING,EXTRACTION_PENDING,26a4718b764a47a18a25f09426657c5ba86563097d8fb69cc38a7c7035fb2cd3,https://www.alio.go.kr/download/rulefiledown.json?fileNo=214163,200,application/haansofthwp;charset=utf-8,65536,DOWNLOADED,UNKNOWN,hwp,ole_error:AttributeError,UNKNOWN,UNKNOWN,0,0,FALSE,VERIFIED_EXISTS,VERIFIED_EXISTS
ccdee57b-1a7d-4aa9-ace5-a64671ec5e3a,,be94d598af983fff,중소중견기업팩토링규정,EXTRACTION_PENDING,EXTRACTION_PENDING,29a3667427b9e20875f4dc78804ca0ea5025a2ea7ca7807192c518ae7c7c6073,https://www.alio.go.kr/download/rulefiledown.json?fileNo=225598,200,application/haansofthwp;charset=utf-8,67584,DOWNLOADED,UNKNOWN,hwp,ole_error:AttributeError,UNKNOWN,UNKNOWN,0,0,FALSE,VERIFIED_EXISTS,VERIFIED_EXISTS
ccdee57b-1a7d-4aa9-ace5-a64671ec5e3a,,f358900d0bcac5c2,지식재산 보증 운용기준,EXTRACTION_PENDING,EXTRACTION_PENDING,c791a19d0e253d406869b6aa0c93185d0bfc68000071b3532cbbe29009f82bdb,https://www.alio.go.kr/download/rulefiledown.json?fileNo=230470,200,application/haansofthwp;charset=utf-8,1102336,DOWNLOADED,UNKNOWN,hwp,ole_error:AttributeError,UNKNOWN,UNKNOWN,0,0,FALSE,VERIFIED_EXISTS,VERIFIED_EXISTS
ccdee57b-1a7d-4aa9-ace5-a64671ec5e3a,,e36050b3c4ed3de7,지역산업 구조조정 관련 협력기업에 대한 특례보증 업무처리방법,EXTRACTION_PENDING,EXTRACTION_PENDING,340fc1625be355a8527e003ac32e459063c9414cb2d08cba5251e13746179408,https://www.alio.go.kr/download/rulefiledown.json?fileNo=70824,200,application/haansofthwp;charset=utf-8,30208,DOWNLOADED,UNKNOWN,hwp,ole_error:AttributeError,UNKNOWN,UNKNOWN,0,0,FALSE,UNKNOWN,VERIFIED_EXISTS
ccdee57b-1a7d-4aa9-ace5-a64671ec5e3a,,2bf614cee096b45c,직원등 채용기준,EXTRACTION_PENDING,EXTRACTION_PENDING,4a349b5b0bc261879807c19b59903ef59389cf93ac55ae9d11b6d2d4c20a8297,https://www.alio.go.kr/download/rulefiledown.json?fileNo=204714,200,application/haansofthwp;charset=utf-8,76288,DOWNLOADED,UNKNOWN,hwp,ole_error:AttributeError,UNKNOWN,UNKNOWN,0,0,FALSE,UNKNOWN,VERIFIED_EXISTS
ccdee57b-1a7d-4aa9-ace5-a64671ec5e3a,,d7b5d88d5a7d7937,직원상벌요령,EXTRACTION_PENDING,EXTRACTION_PENDING,89fcfa75e98220617bb38777bef1d02f1cb488870d4f347277298593a2b0b62d,https://www.alio.go.kr/download/rulefiledown.json?fileNo=238665,200,application/haansofthwp;charset=utf-8,92160,DOWNLOADED,UNKNOWN,hwp,ole_error:AttributeError,UNKNOWN,UNKNOWN,0,0,FALSE,VERIFIED_EXISTS,VERIFIED_EXISTS
ccdee57b-1a7d-4aa9-ace5-a64671ec5e3a,,203f63ce4efad554,채무조정요령,EXTRACTION_PENDING,EXTRACTION_PENDING,195c19ace56c7601bc69341c1f8d05d5396714cb00dcf9b09700c756563b6459,https://www.alio.go.kr/download/rulefiledown.json?fileNo=227971,200,application/haansofthwp;charset=utf-8,89088,DOWNLOADED,UNKNOWN,hwp,ole_error:AttributeError,UNKNOWN,UNKNOWN,0,0,FALSE,VERIFIED_EXISTS,VERIFIED_EXISTS
ccdee57b-1a7d-4aa9-ace5-a64671ec5e3a,,797fb9edc5e71b0d,책임자자격부여기준,EXTRACTION_PENDING,EXTRACTION_PENDING,2e5f128d341d3bef1181486788a841ad24e9d3fb212cf1ea2d198864a1ac41b1,https://www.alio.go.kr/download/rulefiledown.json?fileNo=223407,200,application/haansofthwp;charset=utf-8,118272,DOWNLOADED,UNKNOWN,hwp,ole_error:AttributeError,UNKNOWN,UNKNOWN,0,0,FALSE,VERIFIED_EXISTS,VERIFIED_EXISTS
ccdee57b-1a7d-4aa9-ace5-a64671ec5e3a,,c9123586b3705eaa,청렴행동 실천기준,EXTRACTION_PENDING,EXTRACTION_PENDING,353f75b8cf8b5a2f314376e6e4d819b738827122a92ae57cc505a6c000ea6038,https://www.alio.go.kr/download/rulefiledown.json?fileNo=223998,200,application/haansofthwp;charset=utf-8,80384,DOWNLOADED,UNKNOWN,hwp,ole_error:AttributeError,UNKNOWN,UNKNOWN,0,0,FALSE,VERIFIED_EXISTS,VERIFIED_EXISTS
ccdee57b-1a7d-4aa9-ace5-a64671ec5e3a,,7385b43eceb0dfa1,초장기 자동연장 대출보증 업무처리방법,EXTRACTION_PENDING,EXTRACTION_PENDING,85cb0bc6747567b11ec660c029e13fe615e0e4e641f3a4a644c821ed4caa53af,https://www.alio.go.kr/download/rulefiledown.json?fileNo=239096,200,application/haansofthwp;charset=utf-8,80384,DOWNLOADED,UNKNOWN,hwp,ole_error:AttributeError,UNKNOWN,UNKNOWN,0,0,FALSE,VERIFIED_EXISTS,VERIFIED_EXISTS
ccdee57b-1a7d-4aa9-ace5-a64671ec5e3a,,c2c53da62a48ac02,출자전환증권 관리업무처리기준,EXTRACTION_PENDING,EXTRACTION_PENDING,a2ef1cdde29fa6ecfa6048e09f8e91fee93095096a10dc8868d776475331f7df,https://www.alio.go.kr/download/rulefiledown.json?fileNo=222934,200,application/haansofthwp;charset=utf-8,87552,DOWNLOADED,UNKNOWN,hwp,ole_error:AttributeError,UNKNOWN,UNKNOWN,0,0,FALSE,VERIFIED_EXISTS,VERIFIED_EXISTS
ccdee57b-1a7d-4aa9-ace5-a64671ec5e3a,,e33ee2438788f019,출자회사관리요령,EXTRACTION_PENDING,EXTRACTION_PENDING,7d00707c6625bd4e9fa8099dcf6459cc81ff9b291b4729683511c815b983e27d,https://www.alio.go.kr/download/rulefiledown.json?fileNo=152050,200,application/haansofthwp;charset=utf-8,25088,DOWNLOADED,UNKNOWN,hwp,ole_error:AttributeError,UNKNOWN,UNKNOWN,0,0,FALSE,VERIFIED_EXISTS,VERIFIED_EXISTS
ccdee57b-1a7d-4aa9-ace5-a64671ec5e3a,,1578588ffd4462dc,취업규칙,EXTRACTION_PENDING,EXTRACTION_PENDING,190c1c165330b2cecddd047cb596d54d35678aa259f3fe616502183612ea5118,https://www.alio.go.kr/download/rulefiledown.json?fileNo=88480,200,application/haansofthwp;charset=utf-8,20480,DOWNLOADED,UNKNOWN,hwp,ole_error:AttributeError,UNKNOWN,UNKNOWN,0,0,FALSE,VERIFIED_EXISTS,VERIFIED_EXISTS
ccdee57b-1a7d-4aa9-ace5-a64671ec5e3a,,df4c910ffea06c80,투자규정,EXTRACTION_PENDING,EXTRACTION_PENDING,bd44331c619a0e10bed84d7b8f341d556060ac3b9524b22cde1a12b914d44194,https://www.alio.go.kr/download/rulefiledown.json?fileNo=238882,200,application/haansofthwp;charset=utf-8,119296,DOWNLOADED,UNKNOWN,hwp,ole_error:AttributeError,UNKNOWN,UNKNOWN,0,0,FALSE,VERIFIED_EXISTS,VERIFIED_EXISTS
ccdee57b-1a7d-4aa9-ace5-a64671ec5e3a,,3c9ce6d59908b069,투자브릿지 보증프로그램 운용기준,EXTRACTION_PENDING,EXTRACTION_PENDING,234702ad95ae25743619ce196df3cd4d818b5c0759f4d06bcf3a9e288d76118d,https://www.alio.go.kr/download/rulefiledown.json?fileNo=227953,200,application/haansofthwp;charset=utf-8,184320,DOWNLOADED,UNKNOWN,hwp,ole_error:AttributeError,UNKNOWN,UNKNOWN,0,0,FALSE,VERIFIED_EXISTS,VERIFIED_EXISTS
ccdee57b-1a7d-4aa9-ace5-a64671ec5e3a,,81f9d5dd872f1902,투자업무 운용요령,EXTRACTION_PENDING,EXTRACTION_PENDING,ac8eda9f475ecefa23c8ef296a4b796569f99a2bafb107d2eb0df335988f2b97,https://www.alio.go.kr/download/rulefiledown.json?fileNo=238883,200,application/haansofthwp;charset=utf-8,105472,DOWNLOADED,UNKNOWN,hwp,ole_error:AttributeError,UNKNOWN,UNKNOWN,0,0,FALSE,VERIFIED_EXISTS,VERIFIED_EXISTS
ccdee57b-1a7d-4aa9-ace5-a64671ec5e3a,,3b8a7a74cfd5d16a,특정업무직원 관리기준,EXTRACTION_PENDING,EXTRACTION_PENDING,594dab3e7a39132bf31de452c48a1cbb4e03abec2b30c5f74410920872d4bf6b,https://www.alio.go.kr/download/rulefiledown.json?fileNo=229869,200,application/haansofthwp;charset=utf-8,121856,DOWNLOADED,UNKNOWN,hwp,ole_error:AttributeError,UNKNOWN,UNKNOWN,0,0,FALSE,VERIFIED_EXISTS,VERIFIED_EXISTS
ccdee57b-1a7d-4aa9-ace5-a64671ec5e3a,,091709a905d61eb6,해상풍력 맞춤형 보증지원 업무요령,EXTRACTION_PENDING,EXTRACTION_PENDING,3e11cb631750840b29b482953fd895c074614122806dc2a7a28e6ac8555f1b1b,https://www.alio.go.kr/download/rulefiledown.json?fileNo=220567,200,application/haansofthwp;charset=utf-8,80896,DOWNLOADED,UNKNOWN,hwp,ole_error:AttributeError,UNKNOWN,UNKNOWN,0,0,FALSE,VERIFIED_EXISTS,VERIFIED_EXISTS
ccdee57b-1a7d-4aa9-ace5-a64671ec5e3a,,12a423cded171e9d,혁신관리시스템 운용기준,EXTRACTION_PENDING,EXTRACTION_PENDING,aa6821ddfb2e50d4f3435e0b97a414348a2c40eb2d476acc1b43767a91be9bdd,https://www.alio.go.kr/download/rulefiledown.json?fileNo=11823,200,application/haansofthwp;charset=utf-8,47104,DOWNLOADED,UNKNOWN,hwp,ole_error:AttributeError,UNKNOWN,UNKNOWN,0,0,FALSE,UNKNOWN,VERIFIED_EXISTS
ccdee57b-1a7d-4aa9-ace5-a64671ec5e3a,,d3cbcca85a2fe01a,혁신기술사업화 협약보증 업무처리방법,EXTRACTION_PENDING,EXTRACTION_PENDING,875544f29c1e3bbb8d1c21e5804ce79c4d67ae600515ed7a3fbbeca5e600df06,https://www.alio.go.kr/download/rulefiledown.json?fileNo=195100,200,application/haansofthwp;charset=utf-8,111104,DOWNLOADED,UNKNOWN,hwp,ole_error:AttributeError,UNKNOWN,UNKNOWN,0,0,FALSE,VERIFIED_EXISTS,VERIFIED_EXISTS
ccdee57b-1a7d-4aa9-ace5-a64671ec5e3a,,7ebee0f86aca606b,혁신리딩기업·지역코어기업 선정 및 지원 프로그램 운용기준,EXTRACTION_PENDING,EXTRACTION_PENDING,d2a1c8daee1ff67a7af3288e9f4192dd4b97d407cd4d22a00843d281e66a373b,https://www.alio.go.kr/download/rulefiledown.json?fileNo=239105,200,application/haansofthwp;charset=utf-8,113664,DOWNLOADED,UNKNOWN,hwp,ole_error:AttributeError,UNKNOWN,UNKNOWN,0,0,FALSE,VERIFIED_EXISTS,VERIFIED_EXISTS
ccdee57b-1a7d-4aa9-ace5-a64671ec5e3a,,2962d344cadf6ff2,혁신 프리미어 1000 지원 프로그램 업무처리방법,EXTRACTION_PENDING,EXTRACTION_PENDING,81f1aad54fa9a07583ec4038b885ca3b5cc2b09e016dc441854c82e8f747f69b,https://www.alio.go.kr/download/rulefiledown.json?fileNo=239098,200,application/haansofthwp;charset=utf-8,62976,DOWNLOADED,UNKNOWN,hwp,ole_error:AttributeError,UNKNOWN,UNKNOWN,0,0,FALSE,UNKNOWN,VERIFIED_EXISTS
ccdee57b-1a7d-4aa9-ace5-a64671ec5e3a,,c9f45cd63dcc4c8c,회계규정,EXTRACTION_PENDING,EXTRACTION_PENDING,010fa10f0cd790cbada61dc8412c828e22a024a8196db459361a8990b4ec354b,https://www.alio.go.kr/download/rulefiledown.json?fileNo=225260,200,application/haansofthwp;charset=utf-8,74240,DOWNLOADED,UNKNOWN,hwp,ole_error:AttributeError,UNKNOWN,UNKNOWN,0,0,FALSE,VERIFIED_EXISTS,VERIFIED_EXISTS
ccdee57b-1a7d-4aa9-ace5-a64671ec5e3a,,751677ba5006f2c1,회사채보증 부실 및 구상권 관리에 관한 업무처리기준,EXTRACTION_PENDING,EXTRACTION_PENDING,cd7dd866a26cd59e1ccfd3435068c8b864bfa6cd073df26c694e7c0486b4d0b3,https://www.alio.go.kr/download/rulefiledown.json?fileNo=219185,200,application/haansofthwp;charset=utf-8,83456,DOWNLOADED,UNKNOWN,hwp,ole_error:AttributeError,UNKNOWN,UNKNOWN,0,0,FALSE,VERIFIED_EXISTS,VERIFIED_EXISTS
ccdee57b-1a7d-4aa9-ace5-a64671ec5e3a,,0b1b2b98d1bc0ee0,회사채 신속인수를 위한 특별대출보증 업무처리방법,EXTRACTION_PENDING,EXTRACTION_PENDING,ceb55ed349b3e64f6018f8ea3143d8a1ea9368f3e3734cf2da43abf6dae4a372,https://www.alio.go.kr/download/rulefiledown.json?fileNo=239639,200,application/haansofthwp;charset=utf-8,74240,DOWNLOADED,UNKNOWN,hwp,ole_error:AttributeError,UNKNOWN,UNKNOWN,0,0,FALSE,VERIFIED_EXISTS,VERIFIED_EXISTS
